Unnamed: 0,image,xmin,ymin,xmax,ymax,class
3555,DRUSEN/DRUSEN-53018-1.jpeg,191,190,213,217,Softdrusen
3556,DRUSEN/DRUSEN-53018-1.jpeg,213,202,223,218,Softdrusen
3557,DRUSEN/DRUSEN-53018-1.jpeg,245,207,253,219,Softdrusen
3558,DRUSEN/DRUSEN-53018-1.jpeg,267,194,286,224,Softdrusen
3559,DRUSEN/DRUSEN-53018-1.jpeg,295,211,316,225,Softdrusen
3560,DRUSEN/DRUSEN-53018-1.jpeg,317,211,355,225,Softdrusen
3561,DRUSEN/DRUSEN-53018-1.jpeg,317,339,324,349,Softdrusen
3562,DRUSEN/DRUSEN-75028-1.jpeg,141,248,160,285,Softdrusen
3563,DRUSEN/DRUSEN-75028-1.jpeg,175,271,186,294,Softdrusen
3564,DRUSEN/DRUSEN-75028-1.jpeg,190,276,205,296,Softdrusen
3565,DRUSEN/DRUSEN-75028-1.jpeg,209,284,229,302,Softdrusen
3566,DRUSEN/DRUSEN-75028-1.jpeg,237,286,248,302,Softdrusen
3567,DRUSEN/DRUSEN-75028-1.jpeg,251,286,269,303,Softdrusen
3568,DRUSEN/DRUSEN-75028-1.jpeg,351,287,371,308,Softdrusen
3571,DRUSEN/DRUSEN-79215-1.jpeg,212,212,220,231,Softdrusen
3572,DRUSEN/DRUSEN-79215-1.jpeg,221,216,230,228,Softdrusen
3573,DRUSEN/DRUSEN-79215-1.jpeg,232,213,242,230,Softdrusen
3574,DRUSEN/DRUSEN-79215-1.jpeg,243,213,255,230,Softdrusen
3575,DRUSEN/DRUSEN-79215-1.jpeg,255,212,269,229,Softdrusen
3576,DRUSEN/DRUSEN-79215-1.jpeg,285,216,295,228,Softdrusen
3577,DRUSEN/DRUSEN-95633-1.jpeg,193,266,206,288,Softdrusen
3578,DRUSEN/DRUSEN-95633-1.jpeg,215,278,224,292,Softdrusen
3579,DRUSEN/DRUSEN-95633-1.jpeg,225,276,235,297,Softdrusen
3580,DRUSEN/DRUSEN-95633-1.jpeg,237,276,255,303,Softdrusen
3581,DRUSEN/DRUSEN-95633-1.jpeg,277,289,289,310,Softdrusen
3582,DRUSEN/DRUSEN-95633-1.jpeg,305,291,315,308,Softdrusen
3583,DRUSEN/DRUSEN-95633-2.jpeg,176,142,187,159,Softdrusen
3584,DRUSEN/DRUSEN-95633-2.jpeg,187,139,207,160,Softdrusen
3585,DRUSEN/DRUSEN-95633-2.jpeg,221,150,231,160,Reticulardrusen
3586,DRUSEN/DRUSEN-95633-2.jpeg,236,150,269,169,Softdrusen
3587,DRUSEN/DRUSEN-95633-2.jpeg,284,159,291,173,Softdrusen
3588,DRUSEN/DRUSEN-95633-2.jpeg,293,161,299,175,Softdrusen
3589,DRUSEN/DRUSEN-95633-2.jpeg,309,161,320,174,Softdrusen
3590,DRUSEN/DRUSEN-95633-2.jpeg,331,159,339,169,Reticulardrusen
3591,DRUSEN/DRUSEN-95633-2.jpeg,348,159,354,169,Reticulardrusen
3592,DRUSEN/DRUSEN-95633-2.jpeg,372,156,378,166,Reticulardrusen
3593,DRUSEN/DRUSEN-95633-2.jpeg,361,157,367,167,Reticulardrusen
3594,DRUSEN/DRUSEN-95633-2.jpeg,396,151,402,161,Reticulardrusen
3595,DRUSEN/DRUSEN-95633-2.jpeg,127,126,135,136,Reticulardrusen
3596,DRUSEN/DRUSEN-95633-2.jpeg,107,114,118,124,Reticulardrusen
3597,DRUSEN/DRUSEN-95633-2.jpeg,147,134,153,145,Reticulardrusen
3598,DRUSEN/DRUSEN-95633-2.jpeg,304,307,311,317,Reticulardrusen
3599,DRUSEN/DRUSEN-95633-2.jpeg,188,140,207,159,Softdrusen
3600,DRUSEN/DRUSEN-95633-2.jpeg,178,140,187,157,Softdrusen
3601,DRUSEN/DRUSEN-95633-2.jpeg,235,149,271,170,Softdrusen
3602,DRUSEN/DRUSEN-95633-2.jpeg,285,158,292,173,Softdrusen
3603,DRUSEN/DRUSEN-95633-2.jpeg,292,160,299,174,Softdrusen
3604,DRUSEN/DRUSEN-95633-2.jpeg,309,161,321,177,Softdrusen
3605,DRUSEN/DRUSEN-95633-2.jpeg,129,127,138,137,Reticulardrusen
3606,DRUSEN/DRUSEN-95633-2.jpeg,332,160,338,170,Reticulardrusen
3607,DRUSEN/DRUSEN-95633-2.jpeg,348,160,357,170,Reticulardrusen
3608,DRUSEN/DRUSEN-95633-2.jpeg,363,156,369,166,Reticulardrusen
3609,DRUSEN/DRUSEN-95633-2.jpeg,372,156,378,166,Reticulardrusen
3610,DRUSEN/DRUSEN-95633-2.jpeg,383,156,389,166,Reticulardrusen
3611,DRUSEN/DRUSEN-95633-2.jpeg,396,153,402,163,Reticulardrusen
3612,DRUSEN/DRUSEN-95633-2.jpeg,221,150,229,160,Reticulardrusen
3613,DRUSEN/DRUSEN-95633-2.jpeg,147,134,153,145,Reticulardrusen
3614,DRUSEN/DRUSEN-95633-2.jpeg,279,286,285,296,Reticulardrusen
3615,DRUSEN/DRUSEN-95633-4.jpeg,181,233,203,256,Softdrusen
3616,DRUSEN/DRUSEN-95633-4.jpeg,225,242,239,267,Softdrusen
3617,DRUSEN/DRUSEN-95633-4.jpeg,241,243,260,271,Softdrusen
3618,DRUSEN/DRUSEN-95633-4.jpeg,261,257,272,277,Softdrusen
3619,DRUSEN/DRUSEN-95633-4.jpeg,285,263,302,285,Softdrusen
3620,DRUSEN/DRUSEN-95633-4.jpeg,148,233,165,247,Softdrusen
3621,DRUSEN/DRUSEN-95633-4.jpeg,130,229,141,244,Softdrusen
3622,DRUSEN/DRUSEN-95633-4.jpeg,312,277,322,288,Softdrusen
3623,DRUSEN/DRUSEN-95633-4.jpeg,347,277,363,293,Softdrusen
3624,DRUSEN/DRUSEN-95633-6.jpeg,176,230,198,252,Softdrusen
3625,DRUSEN/DRUSEN-95633-6.jpeg,216,246,238,264,Softdrusen
3626,DRUSEN/DRUSEN-95633-6.jpeg,241,249,269,275,Softdrusen
3627,DRUSEN/DRUSEN-95633-6.jpeg,300,268,315,286,Softdrusen
3628,DRUSEN/DRUSEN-95633-6.jpeg,342,274,362,288,Softdrusen
3629,DRUSEN/DRUSEN-95633-6.jpeg,315,273,329,287,Softdrusen
3630,DRUSEN/DRUSEN-95633-6.jpeg,176,229,196,256,Softdrusen
3631,DRUSEN/DRUSEN-95633-6.jpeg,215,246,238,264,Softdrusen
3632,DRUSEN/DRUSEN-95633-6.jpeg,241,250,267,276,Softdrusen
3633,DRUSEN/DRUSEN-95633-6.jpeg,302,269,315,288,Softdrusen
3634,DRUSEN/DRUSEN-95633-6.jpeg,341,274,362,292,Softdrusen
3635,DRUSEN/DRUSEN-95633-6.jpeg,315,273,326,290,Softdrusen
3636,DRUSEN/DRUSEN-95633-10.jpeg,203,299,219,313,Softdrusen
3637,DRUSEN/DRUSEN-95633-10.jpeg,238,301,252,315,Softdrusen
3638,DRUSEN/DRUSEN-95633-11.jpeg,323,295,348,313,Softdrusen
3639,DRUSEN/DRUSEN-95633-12.jpeg,177,291,188,310,Softdrusen
3640,DRUSEN/DRUSEN-95633-12.jpeg,204,291,219,312,Softdrusen
3641,DRUSEN/DRUSEN-95633-12.jpeg,276,293,294,316,Softdrusen
3642,DRUSEN/DRUSEN-95633-12.jpeg,303,298,324,316,Softdrusen
3643,DRUSEN/DRUSEN-95633-12.jpeg,324,297,348,314,Softdrusen
3644,DRUSEN/DRUSEN-95633-12.jpeg,177,290,190,310,Softdrusen
3645,DRUSEN/DRUSEN-95633-12.jpeg,204,290,221,312,Softdrusen
3646,DRUSEN/DRUSEN-95633-12.jpeg,278,293,294,315,Softdrusen
3647,DRUSEN/DRUSEN-95633-12.jpeg,303,298,323,315,Softdrusen
3648,DRUSEN/DRUSEN-95633-12.jpeg,326,295,347,312,Softdrusen
3649,DRUSEN/DRUSEN-95633-15.jpeg,187,235,204,253,Softdrusen
3650,DRUSEN/DRUSEN-95633-15.jpeg,134,227,149,241,Softdrusen
3651,DRUSEN/DRUSEN-95633-15.jpeg,263,252,280,278,Softdrusen
3652,DRUSEN/DRUSEN-95633-15.jpeg,251,257,262,275,Softdrusen
3653,DRUSEN/DRUSEN-95633-15.jpeg,231,253,241,269,Softdrusen
3654,DRUSEN/DRUSEN-95633-15.jpeg,285,263,298,284,Softdrusen
3655,DRUSEN/DRUSEN-95633-15.jpeg,346,276,364,293,Softdrusen
3656,DRUSEN/DRUSEN-95633-16.jpeg,179,234,205,257,Softdrusen
3657,DRUSEN/DRUSEN-95633-16.jpeg,226,244,239,266,Softdrusen
3658,DRUSEN/DRUSEN-95633-16.jpeg,243,246,261,275,Softdrusen
3659,DRUSEN/DRUSEN-95633-16.jpeg,261,254,271,276,Softdrusen
3660,DRUSEN/DRUSEN-95633-16.jpeg,285,264,302,283,Softdrusen
3661,DRUSEN/DRUSEN-95633-16.jpeg,343,277,360,292,Softdrusen
3662,DRUSEN/DRUSEN-95633-16.jpeg,389,278,406,291,Softdrusen
3663,DRUSEN/DRUSEN-95633-16.jpeg,363,281,373,292,Softdrusen
3664,DRUSEN/DRUSEN-95633-16.jpeg,180,234,203,256,Softdrusen
3665,DRUSEN/DRUSEN-95633-16.jpeg,226,245,240,266,Softdrusen
3666,DRUSEN/DRUSEN-95633-16.jpeg,242,244,260,275,Softdrusen
3667,DRUSEN/DRUSEN-95633-16.jpeg,261,255,271,278,Softdrusen
3668,DRUSEN/DRUSEN-95633-16.jpeg,284,264,300,283,Softdrusen
3669,DRUSEN/DRUSEN-95633-16.jpeg,345,277,359,293,Softdrusen
3670,DRUSEN/DRUSEN-95633-16.jpeg,390,278,406,291,Softdrusen
3671,DRUSEN/DRUSEN-95633-16.jpeg,362,282,373,293,Softdrusen
3672,DRUSEN/DRUSEN-95633-18.jpeg,175,232,195,257,Softdrusen
3673,DRUSEN/DRUSEN-95633-18.jpeg,219,246,240,266,Softdrusen
3674,DRUSEN/DRUSEN-95633-18.jpeg,243,247,268,275,Softdrusen
3675,DRUSEN/DRUSEN-95633-18.jpeg,302,268,322,288,Softdrusen
3676,DRUSEN/DRUSEN-95633-18.jpeg,343,275,360,292,Softdrusen
3677,DRUSEN/DRUSEN-95633-18.jpeg,373,277,389,290,Softdrusen
3678,DRUSEN/DRUSEN-95633-20.jpeg,175,139,183,156,Softdrusen
3679,DRUSEN/DRUSEN-95633-20.jpeg,191,142,208,159,Softdrusen
3680,DRUSEN/DRUSEN-95633-20.jpeg,223,147,231,160,Softdrusen
3681,DRUSEN/DRUSEN-95633-20.jpeg,235,142,250,165,Softdrusen
3682,DRUSEN/DRUSEN-95633-20.jpeg,283,158,299,171,Softdrusen
3683,DRUSEN/DRUSEN-95633-20.jpeg,301,158,309,171,Softdrusen
3684,DRUSEN/DRUSEN-95633-20.jpeg,311,159,319,172,Softdrusen
3685,DRUSEN/DRUSEN-95633-20.jpeg,113,117,121,127,Reticulardrusen
3686,DRUSEN/DRUSEN-95633-20.jpeg,329,161,339,171,Reticulardrusen
3687,DRUSEN/DRUSEN-95633-20.jpeg,411,298,417,309,Reticulardrusen
3688,DRUSEN/DRUSEN-95633-21.jpeg,191,264,208,288,Softdrusen
3689,DRUSEN/DRUSEN-95633-21.jpeg,220,276,234,292,Softdrusen
3690,DRUSEN/DRUSEN-95633-21.jpeg,239,281,254,300,Softdrusen
3691,DRUSEN/DRUSEN-95633-21.jpeg,292,296,303,308,Softdrusen
3692,DRUSEN/DRUSEN-95633-21.jpeg,304,293,318,308,Softdrusen
3693,DRUSEN/DRUSEN-95633-21.jpeg,280,293,291,306,Softdrusen
3694,DRUSEN/DRUSEN-95633-23.jpeg,177,293,189,308,Softdrusen
3695,DRUSEN/DRUSEN-95633-23.jpeg,204,290,220,310,Softdrusen
3696,DRUSEN/DRUSEN-95633-23.jpeg,275,294,297,313,Softdrusen
3697,DRUSEN/DRUSEN-95633-23.jpeg,247,295,262,309,Softdrusen
3698,DRUSEN/DRUSEN-95633-23.jpeg,303,299,325,313,Softdrusen
3699,DRUSEN/DRUSEN-95633-23.jpeg,326,298,336,312,Softdrusen
3700,DRUSEN/DRUSEN-95633-25.jpeg,201,295,213,308,Softdrusen
3701,DRUSEN/DRUSEN-95633-25.jpeg,350,298,364,310,Softdrusen
3702,DRUSEN/DRUSEN-95633-25.jpeg,289,298,302,313,Softdrusen
3703,DRUSEN/DRUSEN-95633-25.jpeg,173,295,186,306,Softdrusen
3704,DRUSEN/DRUSEN-100580-1.jpeg,311,219,324,233,Softdrusen
3705,DRUSEN/DRUSEN-103885-1.jpeg,197,340,209,356,Softdrusen
3706,DRUSEN/DRUSEN-103885-1.jpeg,225,340,245,361,Softdrusen
3707,DRUSEN/DRUSEN-103885-1.jpeg,309,349,326,365,Softdrusen
3708,DRUSEN/DRUSEN-103885-1.jpeg,370,340,386,362,Softdrusen
3709,DRUSEN/DRUSEN-103885-1.jpeg,392,339,402,351,Reticulardrusen
3710,DRUSEN/DRUSEN-103885-1.jpeg,488,301,503,318,Reticulardrusen
3711,DRUSEN/DRUSEN-103885-2.jpeg,223,334,250,362,Softdrusen
3712,DRUSEN/DRUSEN-103885-2.jpeg,253,345,275,363,Softdrusen
3713,DRUSEN/DRUSEN-103885-2.jpeg,285,349,301,371,Softdrusen
3714,DRUSEN/DRUSEN-103885-2.jpeg,301,347,321,369,Softdrusen
3715,DRUSEN/DRUSEN-103885-2.jpeg,325,347,345,363,Softdrusen
3716,DRUSEN/DRUSEN-103885-2.jpeg,391,331,412,354,Softdrusen
3717,DRUSEN/DRUSEN-103885-2.jpeg,474,307,486,323,Reticulardrusen
3718,DRUSEN/DRUSEN-103885-2.jpeg,491,301,502,316,Reticulardrusen
3719,DRUSEN/DRUSEN-103885-2.jpeg,369,349,379,359,Softdrusen
3720,DRUSEN/DRUSEN-103885-2.jpeg,428,325,444,335,Reticulardrusen
3721,DRUSEN/DRUSEN-103885-4.jpeg,223,329,253,361,Softdrusen
3722,DRUSEN/DRUSEN-103885-4.jpeg,251,344,275,364,Softdrusen
3723,DRUSEN/DRUSEN-103885-4.jpeg,282,347,301,363,Softdrusen
3724,DRUSEN/DRUSEN-103885-4.jpeg,302,349,320,365,Softdrusen
3725,DRUSEN/DRUSEN-103885-4.jpeg,385,338,408,355,Softdrusen
3726,DRUSEN/DRUSEN-103885-4.jpeg,425,326,438,340,Reticulardrusen
3727,DRUSEN/DRUSEN-103885-4.jpeg,370,343,383,354,Reticulardrusen
3728,DRUSEN/DRUSEN-103885-4.jpeg,439,319,454,332,Softdrusen
3729,DRUSEN/DRUSEN-103885-4.jpeg,222,331,251,361,Softdrusen
3730,DRUSEN/DRUSEN-103885-4.jpeg,250,345,274,364,Softdrusen
3731,DRUSEN/DRUSEN-103885-4.jpeg,281,347,301,364,Softdrusen
3732,DRUSEN/DRUSEN-103885-4.jpeg,386,338,408,356,Softdrusen
3733,DRUSEN/DRUSEN-103885-4.jpeg,303,350,320,364,Softdrusen
3734,DRUSEN/DRUSEN-103885-4.jpeg,441,321,452,335,Softdrusen
3735,DRUSEN/DRUSEN-142234-1.jpeg,164,213,171,225,Harddrusen
3736,DRUSEN/DRUSEN-142234-1.jpeg,284,253,293,271,Softdrusen
3737,DRUSEN/DRUSEN-142234-1.jpeg,208,221,219,244,Softdrusen
3738,DRUSEN/DRUSEN-142234-1.jpeg,173,210,179,227,Softdrusen
3739,DRUSEN/DRUSEN-142234-1.jpeg,179,214,187,232,Softdrusen
3740,DRUSEN/DRUSEN-142234-1.jpeg,230,237,237,249,Harddrusen
3741,DRUSEN/DRUSEN-142234-1.jpeg,223,234,229,246,Harddrusen
3742,DRUSEN/DRUSEN-142234-1.jpeg,195,222,202,236,Harddrusen
3743,DRUSEN/DRUSEN-142234-1.jpeg,304,262,311,273,Reticulardrusen
3746,DRUSEN/DRUSEN-142234-4.jpeg,150,206,166,217,Softdrusen
3747,DRUSEN/DRUSEN-142234-4.jpeg,177,204,191,218,Softdrusen
3748,DRUSEN/DRUSEN-142234-4.jpeg,337,186,350,196,Softdrusen
3749,DRUSEN/DRUSEN-142234-4.jpeg,207,202,217,216,Harddrusen
3750,DRUSEN/DRUSEN-142234-4.jpeg,111,206,121,218,Harddrusen
3751,DRUSEN/DRUSEN-142234-5.jpeg,416,205,432,222,Softdrusen
3752,DRUSEN/DRUSEN-142234-5.jpeg,328,218,338,228,Reticulardrusen
3753,DRUSEN/DRUSEN-142234-5.jpeg,343,218,353,228,Reticulardrusen
3754,DRUSEN/DRUSEN-142234-5.jpeg,360,218,370,228,Harddrusen
3755,DRUSEN/DRUSEN-142234-5.jpeg,382,216,393,226,Harddrusen
3756,DRUSEN/DRUSEN-142234-5.jpeg,456,201,466,213,Harddrusen
3757,DRUSEN/DRUSEN-142234-6.jpeg,356,215,367,228,Softdrusen
3758,DRUSEN/DRUSEN-142234-6.jpeg,234,215,255,229,Softdrusen
3759,DRUSEN/DRUSEN-142234-6.jpeg,392,213,406,223,Softdrusen
3760,DRUSEN/DRUSEN-142234-7.jpeg,358,215,374,231,Softdrusen
3761,DRUSEN/DRUSEN-142234-7.jpeg,335,222,348,232,Softdrusen
3762,DRUSEN/DRUSEN-142234-7.jpeg,312,221,322,231,Softdrusen
3763,DRUSEN/DRUSEN-142234-7.jpeg,394,215,410,225,Softdrusen
3764,DRUSEN/DRUSEN-142234-7.jpeg,482,190,493,202,Softdrusen
3765,DRUSEN/DRUSEN-142234-7.jpeg,440,203,451,214,Softdrusen
3766,DRUSEN/DRUSEN-142234-8.jpeg,166,223,173,235,Softdrusen
3767,DRUSEN/DRUSEN-142234-8.jpeg,199,234,205,245,Softdrusen
3768,DRUSEN/DRUSEN-142234-8.jpeg,203,234,210,246,Softdrusen
3769,DRUSEN/DRUSEN-142234-8.jpeg,187,232,194,243,Reticulardrusen
3770,DRUSEN/DRUSEN-142234-8.jpeg,305,256,311,266,Softdrusen
3771,DRUSEN/DRUSEN-142234-8.jpeg,256,246,263,256,Reticulardrusen
3772,DRUSEN/DRUSEN-142234-8.jpeg,223,239,230,250,Softdrusen
3773,DRUSEN/DRUSEN-142234-8.jpeg,291,254,297,264,Reticulardrusen
3774,DRUSEN/DRUSEN-142234-9.jpeg,304,302,311,319,Softdrusen
3775,DRUSEN/DRUSEN-142234-9.jpeg,170,274,182,290,Softdrusen
3776,DRUSEN/DRUSEN-142234-9.jpeg,224,291,232,306,Softdrusen
3777,DRUSEN/DRUSEN-142234-9.jpeg,327,302,333,317,Softdrusen
3778,DRUSEN/DRUSEN-142234-10.jpeg,127,316,140,330,Softdrusen
3779,DRUSEN/DRUSEN-142234-10.jpeg,156,317,170,334,Softdrusen
3780,DRUSEN/DRUSEN-142234-10.jpeg,70,307,80,320,Harddrusen
3781,DRUSEN/DRUSEN-142234-10.jpeg,184,323,194,334,Harddrusen
3782,DRUSEN/DRUSEN-142234-11.jpeg,185,325,195,335,Harddrusen
3783,DRUSEN/DRUSEN-142234-11.jpeg,211,324,221,335,Harddrusen
3784,DRUSEN/DRUSEN-142234-11.jpeg,150,320,160,333,Softdrusen
3785,DRUSEN/DRUSEN-142234-11.jpeg,160,319,170,335,Softdrusen
3786,DRUSEN/DRUSEN-142234-11.jpeg,112,318,122,328,Harddrusen
3787,DRUSEN/DRUSEN-142234-13.jpeg,157,251,173,269,Softdrusen
3788,DRUSEN/DRUSEN-142234-13.jpeg,130,250,143,263,Harddrusen
3789,DRUSEN/DRUSEN-142234-13.jpeg,182,258,198,271,Softdrusen
3790,DRUSEN/DRUSEN-142234-14.jpeg,157,255,171,267,Softdrusen
3791,DRUSEN/DRUSEN-142234-14.jpeg,183,259,195,269,Reticulardrusen
3792,DRUSEN/DRUSEN-142234-14.jpeg,198,261,208,271,Reticulardrusen
3793,DRUSEN/DRUSEN-142234-14.jpeg,353,266,363,277,Reticulardrusen
3794,DRUSEN/DRUSEN-142234-14.jpeg,431,275,441,285,Reticulardrusen
3795,DRUSEN/DRUSEN-142234-14.jpeg,208,263,219,275,Harddrusen
3796,DRUSEN/DRUSEN-142234-15.jpeg,48,223,58,233,Reticulardrusen
3797,DRUSEN/DRUSEN-142234-15.jpeg,119,247,129,257,Harddrusen
3798,DRUSEN/DRUSEN-142234-15.jpeg,128,249,138,260,Harddrusen
3799,DRUSEN/DRUSEN-142234-15.jpeg,138,251,148,261,Harddrusen
3800,DRUSEN/DRUSEN-142234-15.jpeg,169,258,179,268,Harddrusen
3801,DRUSEN/DRUSEN-142234-16.jpeg,274,289,284,300,Harddrusen
3802,DRUSEN/DRUSEN-142234-16.jpeg,318,292,328,302,Harddrusen
3803,DRUSEN/DRUSEN-142234-16.jpeg,340,289,350,300,Harddrusen
3804,DRUSEN/DRUSEN-142234-16.jpeg,364,289,375,299,Harddrusen
3805,DRUSEN/DRUSEN-142234-16.jpeg,399,284,409,295,Harddrusen
3806,DRUSEN/DRUSEN-142234-16.jpeg,423,279,435,290,Harddrusen
3807,DRUSEN/DRUSEN-142234-16.jpeg,442,279,452,289,Harddrusen
3808,DRUSEN/DRUSEN-142234-17.jpeg,421,278,431,292,Softdrusen
3809,DRUSEN/DRUSEN-142234-17.jpeg,362,286,378,300,Softdrusen
3810,DRUSEN/DRUSEN-142234-17.jpeg,390,287,400,297,Harddrusen
3811,DRUSEN/DRUSEN-142234-18.jpeg,362,286,376,300,Softdrusen
3812,DRUSEN/DRUSEN-142234-18.jpeg,346,291,356,301,Harddrusen
3813,DRUSEN/DRUSEN-142234-18.jpeg,170,285,180,295,Reticulardrusen
3814,DRUSEN/DRUSEN-142234-18.jpeg,447,273,457,283,Reticulardrusen
3815,DRUSEN/DRUSEN-142234-19.jpeg,188,261,195,271,Reticulardrusen
3816,DRUSEN/DRUSEN-142234-19.jpeg,229,276,235,286,Reticulardrusen
3817,DRUSEN/DRUSEN-142234-19.jpeg,282,289,289,299,Reticulardrusen
3818,DRUSEN/DRUSEN-142234-19.jpeg,302,294,309,305,Reticulardrusen
3819,DRUSEN/DRUSEN-142234-20.jpeg,279,251,287,270,Softdrusen
3820,DRUSEN/DRUSEN-142234-20.jpeg,170,271,178,284,Softdrusen
3821,DRUSEN/DRUSEN-142234-20.jpeg,187,268,195,284,Softdrusen
3822,DRUSEN/DRUSEN-142234-20.jpeg,203,266,210,282,Softdrusen
3823,DRUSEN/DRUSEN-142234-21.jpeg,183,231,194,242,Reticulardrusen
3824,DRUSEN/DRUSEN-142234-21.jpeg,421,238,431,249,Reticulardrusen
3825,DRUSEN/DRUSEN-142234-21.jpeg,121,222,134,232,Reticulardrusen
3826,DRUSEN/DRUSEN-142234-21.jpeg,151,221,166,239,Softdrusen
3827,DRUSEN/DRUSEN-142234-22.jpeg,138,224,155,241,Softdrusen
3828,DRUSEN/DRUSEN-142234-22.jpeg,164,229,179,242,Softdrusen
3829,DRUSEN/DRUSEN-142234-22.jpeg,420,236,431,247,Reticulardrusen
3830,DRUSEN/DRUSEN-142234-22.jpeg,110,221,121,231,Reticulardrusen
3831,DRUSEN/DRUSEN-142234-22.jpeg,56,210,66,220,Reticulardrusen
3832,DRUSEN/DRUSEN-142234-23.jpeg,175,229,185,239,Reticulardrusen
3833,DRUSEN/DRUSEN-142234-23.jpeg,149,226,163,236,Reticulardrusen
3834,DRUSEN/DRUSEN-142234-23.jpeg,273,236,283,247,Reticulardrusen
3835,DRUSEN/DRUSEN-142234-23.jpeg,293,233,306,244,Reticulardrusen
3836,DRUSEN/DRUSEN-142234-23.jpeg,338,234,349,245,Reticulardrusen
3837,DRUSEN/DRUSEN-142234-23.jpeg,377,231,390,246,Softdrusen
3838,DRUSEN/DRUSEN-142234-25.jpeg,352,266,364,281,Softdrusen
3839,DRUSEN/DRUSEN-142234-25.jpeg,413,263,423,277,Softdrusen
3840,DRUSEN/DRUSEN-142234-25.jpeg,431,259,441,269,Reticulardrusen
3841,DRUSEN/DRUSEN-142234-26.jpeg,352,266,369,283,Softdrusen
3842,DRUSEN/DRUSEN-142234-26.jpeg,391,265,404,279,Softdrusen
3843,DRUSEN/DRUSEN-142234-27.jpeg,163,196,171,211,Softdrusen
3844,DRUSEN/DRUSEN-163081-1.jpeg,141,224,160,247,Softdrusen
3845,DRUSEN/DRUSEN-163081-1.jpeg,166,224,189,254,SoftdrusenPED
3846,DRUSEN/DRUSEN-163081-1.jpeg,189,229,206,257,SoftdrusenPED
3847,DRUSEN/DRUSEN-163081-1.jpeg,205,230,229,259,SoftdrusenPED
3848,DRUSEN/DRUSEN-163081-1.jpeg,278,224,292,256,SoftdrusenPED
3849,DRUSEN/DRUSEN-163081-1.jpeg,291,223,302,256,SoftdrusenPED
3850,DRUSEN/DRUSEN-163081-1.jpeg,301,226,315,253,SoftdrusenPED
3851,DRUSEN/DRUSEN-163081-1.jpeg,314,233,329,248,SoftdrusenPED
3852,DRUSEN/DRUSEN-163081-1.jpeg,326,228,333,246,SoftdrusenPED
3853,DRUSEN/DRUSEN-163081-1.jpeg,335,229,342,243,SoftdrusenPED
3854,DRUSEN/DRUSEN-163081-1.jpeg,381,205,387,216,Reticulardrusen
3855,DRUSEN/DRUSEN-163081-1.jpeg,396,203,402,214,Reticulardrusen
3856,DRUSEN/DRUSEN-163081-1.jpeg,417,190,424,200,Reticulardrusen
3857,DRUSEN/DRUSEN-163081-1.jpeg,406,198,412,209,Reticulardrusen
3858,DRUSEN/DRUSEN-163081-1.jpeg,439,174,446,185,Reticulardrusen
3859,DRUSEN/DRUSEN-163081-1.jpeg,349,225,355,235,Harddrusen
3860,DRUSEN/DRUSEN-163081-1.jpeg,331,303,337,314,Harddrusen
3863,DRUSEN/DRUSEN-163081-1.jpeg,33,185,40,195,Reticulardrusen
3864,DRUSEN/DRUSEN-163081-1.jpeg,67,200,73,211,Reticulardrusen
3865,DRUSEN/DRUSEN-163081-1.jpeg,75,204,82,215,Reticulardrusen
3866,DRUSEN/DRUSEN-163081-1.jpeg,21,181,27,191,Reticulardrusen
3867,DRUSEN/DRUSEN-163081-1.jpeg,40,189,47,199,Reticulardrusen
3869,DRUSEN/DRUSEN-163081-4.jpeg,137,263,159,289,SoftdrusenPED
3870,DRUSEN/DRUSEN-163081-4.jpeg,161,263,184,297,SoftdrusenPED
3871,DRUSEN/DRUSEN-163081-4.jpeg,186,279,200,300,SoftdrusenPED
3872,DRUSEN/DRUSEN-163081-4.jpeg,201,275,230,305,SoftdrusenPED
3873,DRUSEN/DRUSEN-163081-4.jpeg,375,294,391,308,Softdrusen
3874,DRUSEN/DRUSEN-163081-4.jpeg,234,294,244,313,SoftdrusenPED
3875,DRUSEN/DRUSEN-163081-4.jpeg,319,295,338,309,Reticulardrusen
3876,DRUSEN/DRUSEN-163081-4.jpeg,352,297,363,308,Reticulardrusen
3877,DRUSEN/DRUSEN-163081-4.jpeg,243,294,257,313,SoftdrusenPED
3878,DRUSEN/DRUSEN-163081-5.jpeg,174,266,205,305,SoftdrusenPED
3879,DRUSEN/DRUSEN-163081-5.jpeg,205,282,221,308,SoftdrusenPED
3880,DRUSEN/DRUSEN-163081-5.jpeg,222,289,252,314,SoftdrusenPED
3881,DRUSEN/DRUSEN-163081-5.jpeg,153,266,173,296,Softdrusen
3882,DRUSEN/DRUSEN-163081-5.jpeg,139,266,152,294,Softdrusen
3883,DRUSEN/DRUSEN-163081-5.jpeg,346,297,357,315,Softdrusen
3884,DRUSEN/DRUSEN-163081-5.jpeg,448,281,458,291,Reticulardrusen
3885,DRUSEN/DRUSEN-163081-5.jpeg,465,279,475,289,Reticulardrusen
3886,DRUSEN/DRUSEN-163081-5.jpeg,439,283,449,294,Reticulardrusen
3887,DRUSEN/DRUSEN-163081-5.jpeg,487,277,496,287,Reticulardrusen
3888,DRUSEN/DRUSEN-163081-6.jpeg,176,219,186,236,SoftdrusenPED
3889,DRUSEN/DRUSEN-163081-6.jpeg,186,221,199,243,SoftdrusenPED
3890,DRUSEN/DRUSEN-163081-6.jpeg,200,215,229,253,SoftdrusenPED
3891,DRUSEN/DRUSEN-163081-6.jpeg,230,233,251,255,SoftdrusenPED
3892,DRUSEN/DRUSEN-163081-6.jpeg,253,244,327,257,SoftdrusenPED
3893,DRUSEN/DRUSEN-163081-6.jpeg,329,242,336,252,Softdrusen
3894,DRUSEN/DRUSEN-163081-6.jpeg,336,239,343,250,Softdrusen
3895,DRUSEN/DRUSEN-163081-6.jpeg,344,237,351,248,Softdrusen
3896,DRUSEN/DRUSEN-163081-6.jpeg,353,236,360,247,Softdrusen
3897,DRUSEN/DRUSEN-163081-7.jpeg,170,257,188,285,SoftdrusenPED
3898,DRUSEN/DRUSEN-163081-7.jpeg,187,259,211,293,SoftdrusenPED
3899,DRUSEN/DRUSEN-163081-7.jpeg,211,268,236,301,SoftdrusenPED
3900,DRUSEN/DRUSEN-163081-7.jpeg,238,286,251,305,Softdrusen
3901,DRUSEN/DRUSEN-163081-7.jpeg,333,291,345,311,Softdrusen
3902,DRUSEN/DRUSEN-163081-7.jpeg,357,294,363,308,Softdrusen
3903,DRUSEN/DRUSEN-163081-7.jpeg,365,294,372,307,Softdrusen
3904,DRUSEN/DRUSEN-163081-7.jpeg,316,293,330,311,Softdrusen
3905,DRUSEN/DRUSEN-163081-7.jpeg,301,291,309,301,Reticulardrusen
3906,DRUSEN/DRUSEN-163081-7.jpeg,373,287,381,297,Reticulardrusen
3907,DRUSEN/DRUSEN-163081-7.jpeg,398,284,404,294,Reticulardrusen
3908,DRUSEN/DRUSEN-163081-7.jpeg,407,284,413,294,Reticulardrusen
3909,DRUSEN/DRUSEN-163081-7.jpeg,474,279,480,289,Reticulardrusen
3910,DRUSEN/DRUSEN-163081-7.jpeg,439,281,449,291,Reticulardrusen
3911,DRUSEN/DRUSEN-163081-7.jpeg,456,281,465,291,Reticulardrusen
3912,DRUSEN/DRUSEN-163081-7.jpeg,252,287,259,298,Reticulardrusen
3913,DRUSEN/DRUSEN-163081-7.jpeg,349,293,355,303,Reticulardrusen
3914,DRUSEN/DRUSEN-190022-1.jpeg,192,237,202,248,Reticulardrusen
3915,DRUSEN/DRUSEN-190022-1.jpeg,261,221,280,234,Softdrusen
3916,DRUSEN/DRUSEN-190022-1.jpeg,251,223,261,239,Softdrusen
3917,DRUSEN/DRUSEN-190022-1.jpeg,239,228,250,243,Softdrusen
3918,DRUSEN/DRUSEN-190022-1.jpeg,335,201,351,218,Softdrusen
3919,DRUSEN/DRUSEN-190022-2.jpeg,231,231,242,245,Softdrusen
3920,DRUSEN/DRUSEN-190022-2.jpeg,270,222,283,235,Softdrusen
3921,DRUSEN/DRUSEN-190022-2.jpeg,285,219,295,233,Softdrusen
3922,DRUSEN/DRUSEN-190022-2.jpeg,246,227,260,237,Softdrusen
3923,DRUSEN/DRUSEN-190022-3.jpeg,261,219,282,235,Softdrusen
3924,DRUSEN/DRUSEN-190022-3.jpeg,311,213,331,223,Softdrusen
3925,DRUSEN/DRUSEN-200969-1.jpeg,98,206,119,221,Softdrusen
3926,DRUSEN/DRUSEN-224974-1.jpeg,394,166,399,177,Softdrusen
3927,DRUSEN/DRUSEN-224974-1.jpeg,355,182,361,195,Softdrusen
3928,DRUSEN/DRUSEN-224974-1.jpeg,348,184,355,200,Softdrusen
3929,DRUSEN/DRUSEN-224974-1.jpeg,329,187,342,205,Softdrusen
3930,DRUSEN/DRUSEN-224974-1.jpeg,312,198,317,211,SoftdrusenPED
3931,DRUSEN/DRUSEN-224974-1.jpeg,289,198,295,215,SoftdrusenPED
3932,DRUSEN/DRUSEN-224974-1.jpeg,296,187,311,215,SoftdrusenPED
3933,DRUSEN/DRUSEN-224974-1.jpeg,279,202,284,216,Softdrusen
3934,DRUSEN/DRUSEN-224974-1.jpeg,266,201,279,220,Softdrusen
3935,DRUSEN/DRUSEN-224974-1.jpeg,248,202,257,221,Softdrusen
3936,DRUSEN/DRUSEN-224974-1.jpeg,232,200,247,219,Softdrusen
3937,DRUSEN/DRUSEN-224974-1.jpeg,225,205,230,218,Softdrusen
3938,DRUSEN/DRUSEN-224974-1.jpeg,260,202,264,218,Softdrusen
3939,DRUSEN/DRUSEN-224974-2.jpeg,129,238,142,249,Softdrusen
3940,DRUSEN/DRUSEN-224974-2.jpeg,142,239,163,254,Softdrusen
3941,DRUSEN/DRUSEN-224974-2.jpeg,163,244,177,255,Softdrusen
3942,DRUSEN/DRUSEN-224974-2.jpeg,242,249,254,262,Softdrusen
3943,DRUSEN/DRUSEN-224974-2.jpeg,254,249,266,263,Softdrusen
3944,DRUSEN/DRUSEN-224974-2.jpeg,267,250,277,262,Softdrusen
3945,DRUSEN/DRUSEN-224974-2.jpeg,278,250,291,261,Softdrusen
3946,DRUSEN/DRUSEN-224974-2.jpeg,400,232,413,245,Softdrusen
3947,DRUSEN/DRUSEN-224974-2.jpeg,390,237,400,248,Softdrusen
3948,DRUSEN/DRUSEN-224974-2.jpeg,414,231,424,243,Softdrusen
3949,DRUSEN/DRUSEN-224974-2.jpeg,428,230,445,241,Softdrusen
3950,DRUSEN/DRUSEN-224974-3.jpeg,146,244,159,254,Softdrusen
3951,DRUSEN/DRUSEN-224974-3.jpeg,160,243,171,259,Softdrusen
3952,DRUSEN/DRUSEN-224974-3.jpeg,171,245,182,259,Softdrusen
3953,DRUSEN/DRUSEN-224974-3.jpeg,184,247,194,258,Softdrusen
3954,DRUSEN/DRUSEN-224974-3.jpeg,195,247,205,260,Softdrusen
3955,DRUSEN/DRUSEN-224974-3.jpeg,201,245,218,258,Softdrusen
3956,DRUSEN/DRUSEN-224974-3.jpeg,235,246,255,263,Softdrusen
3957,DRUSEN/DRUSEN-224974-3.jpeg,382,234,395,248,Softdrusen
3958,DRUSEN/DRUSEN-224974-3.jpeg,398,230,410,245,Softdrusen
3959,DRUSEN/DRUSEN-224974-3.jpeg,102,233,112,246,Softdrusen
3960,DRUSEN/DRUSEN-224974-5.jpeg,129,234,142,251,Softdrusen
3961,DRUSEN/DRUSEN-224974-5.jpeg,165,241,185,259,Softdrusen
3962,DRUSEN/DRUSEN-224974-5.jpeg,186,237,203,261,Softdrusen
3963,DRUSEN/DRUSEN-224974-5.jpeg,202,241,216,263,Softdrusen
3964,DRUSEN/DRUSEN-224974-5.jpeg,235,249,246,262,Softdrusen
3965,DRUSEN/DRUSEN-224974-5.jpeg,378,234,388,248,Softdrusen
3966,DRUSEN/DRUSEN-224974-5.jpeg,386,235,397,250,Softdrusen
3967,DRUSEN/DRUSEN-224974-5.jpeg,398,233,410,247,Softdrusen
3968,DRUSEN/DRUSEN-224974-5.jpeg,426,226,436,242,Softdrusen
3969,DRUSEN/DRUSEN-224974-5.jpeg,130,234,141,253,Softdrusen
3970,DRUSEN/DRUSEN-224974-5.jpeg,167,238,182,259,Softdrusen
3971,DRUSEN/DRUSEN-224974-5.jpeg,184,236,201,262,Softdrusen
3972,DRUSEN/DRUSEN-224974-5.jpeg,201,241,217,262,Softdrusen
3973,DRUSEN/DRUSEN-224974-5.jpeg,235,249,248,263,Softdrusen
3974,DRUSEN/DRUSEN-224974-5.jpeg,378,236,388,251,Softdrusen
3975,DRUSEN/DRUSEN-224974-5.jpeg,386,235,397,250,Softdrusen
3976,DRUSEN/DRUSEN-224974-5.jpeg,396,233,412,246,Softdrusen
3977,DRUSEN/DRUSEN-224974-5.jpeg,427,226,438,238,Softdrusen
3978,DRUSEN/DRUSEN-224974-5.jpeg,267,325,277,335,Softdrusen
3979,DRUSEN/DRUSEN-224974-7.jpeg,156,238,167,253,Softdrusen
3980,DRUSEN/DRUSEN-224974-7.jpeg,168,242,181,259,Softdrusen
3981,DRUSEN/DRUSEN-224974-7.jpeg,183,247,196,257,Softdrusen
3982,DRUSEN/DRUSEN-224974-7.jpeg,139,238,154,251,Softdrusen
3983,DRUSEN/DRUSEN-224974-7.jpeg,252,246,283,263,Softdrusen
3984,DRUSEN/DRUSEN-224974-7.jpeg,393,233,403,248,Softdrusen
3985,DRUSEN/DRUSEN-224974-7.jpeg,402,229,414,246,Softdrusen
3986,DRUSEN/DRUSEN-224974-7.jpeg,414,226,429,244,Softdrusen
3987,DRUSEN/DRUSEN-224974-9.jpeg,134,238,144,253,Softdrusen
3988,DRUSEN/DRUSEN-224974-9.jpeg,142,238,152,253,Softdrusen
3989,DRUSEN/DRUSEN-224974-9.jpeg,152,242,162,256,Softdrusen
3990,DRUSEN/DRUSEN-224974-9.jpeg,164,245,178,258,Softdrusen
3991,DRUSEN/DRUSEN-224974-9.jpeg,183,249,197,260,Softdrusen
3992,DRUSEN/DRUSEN-224974-9.jpeg,244,250,254,262,Softdrusen
3993,DRUSEN/DRUSEN-224974-9.jpeg,253,246,267,263,Softdrusen
3994,DRUSEN/DRUSEN-224974-9.jpeg,267,245,281,262,Softdrusen
3995,DRUSEN/DRUSEN-224974-9.jpeg,281,248,295,263,Softdrusen
3996,DRUSEN/DRUSEN-224974-9.jpeg,386,235,396,249,Softdrusen
3997,DRUSEN/DRUSEN-224974-9.jpeg,397,233,407,247,Softdrusen
3998,DRUSEN/DRUSEN-224974-9.jpeg,405,231,415,245,Softdrusen
3999,DRUSEN/DRUSEN-224974-9.jpeg,413,230,424,241,Softdrusen
4000,DRUSEN/DRUSEN-224974-9.jpeg,429,226,443,237,Softdrusen
4001,DRUSEN/DRUSEN-224974-9.jpeg,243,250,253,263,Softdrusen
4002,DRUSEN/DRUSEN-224974-9.jpeg,253,247,267,263,Softdrusen
4003,DRUSEN/DRUSEN-224974-9.jpeg,267,246,280,262,Softdrusen
4004,DRUSEN/DRUSEN-224974-9.jpeg,281,249,297,261,Softdrusen
4005,DRUSEN/DRUSEN-224974-9.jpeg,385,235,403,249,Softdrusen
4006,DRUSEN/DRUSEN-224974-9.jpeg,404,231,414,246,Softdrusen
4007,DRUSEN/DRUSEN-224974-9.jpeg,414,229,424,245,Softdrusen
4008,DRUSEN/DRUSEN-224974-9.jpeg,427,227,444,237,Softdrusen
4009,DRUSEN/DRUSEN-224974-9.jpeg,135,238,145,252,Softdrusen
4010,DRUSEN/DRUSEN-224974-9.jpeg,144,238,154,253,Softdrusen
4011,DRUSEN/DRUSEN-224974-9.jpeg,153,241,163,254,Softdrusen
4012,DRUSEN/DRUSEN-224974-11.jpeg,140,241,151,252,Softdrusen
4013,DRUSEN/DRUSEN-224974-11.jpeg,152,242,162,256,Softdrusen
4014,DRUSEN/DRUSEN-224974-11.jpeg,159,238,169,255,Softdrusen
4015,DRUSEN/DRUSEN-224974-11.jpeg,168,238,179,258,Softdrusen
4016,DRUSEN/DRUSEN-224974-11.jpeg,185,246,195,259,Softdrusen
4017,DRUSEN/DRUSEN-224974-11.jpeg,194,245,204,259,Softdrusen
4018,DRUSEN/DRUSEN-224974-11.jpeg,203,247,213,261,Softdrusen
4019,DRUSEN/DRUSEN-224974-11.jpeg,231,244,255,262,Softdrusen
4020,DRUSEN/DRUSEN-224974-11.jpeg,389,230,399,248,Softdrusen
4021,DRUSEN/DRUSEN-224974-11.jpeg,379,231,389,252,Softdrusen
4022,DRUSEN/DRUSEN-224974-11.jpeg,398,231,408,246,Softdrusen
4023,DRUSEN/DRUSEN-224974-11.jpeg,292,250,302,260,Softdrusen
4024,DRUSEN/DRUSEN-224974-11.jpeg,373,341,383,351,Softdrusen
4025,DRUSEN/DRUSEN-224974-11.jpeg,264,251,274,261,Softdrusen
4026,DRUSEN/DRUSEN-224974-11.jpeg,272,252,282,262,Softdrusen
4027,DRUSEN/DRUSEN-224974-11.jpeg,114,237,128,250,Softdrusen
4028,DRUSEN/DRUSEN-224974-11.jpeg,130,238,140,252,Softdrusen
4029,DRUSEN/DRUSEN-224974-11.jpeg,221,251,231,262,Softdrusen
4030,DRUSEN/DRUSEN-224974-11.jpeg,141,242,151,252,Softdrusen
4031,DRUSEN/DRUSEN-224974-11.jpeg,150,242,160,256,Softdrusen
4032,DRUSEN/DRUSEN-224974-11.jpeg,160,238,170,259,Softdrusen
4033,DRUSEN/DRUSEN-224974-11.jpeg,168,239,183,259,Softdrusen
4034,DRUSEN/DRUSEN-224974-11.jpeg,185,245,195,259,Softdrusen
4035,DRUSEN/DRUSEN-224974-11.jpeg,195,245,216,263,Softdrusen
4036,DRUSEN/DRUSEN-224974-11.jpeg,232,245,256,263,Softdrusen
4037,DRUSEN/DRUSEN-224974-11.jpeg,381,230,391,249,Softdrusen
4038,DRUSEN/DRUSEN-224974-11.jpeg,389,233,400,249,Softdrusen
4039,DRUSEN/DRUSEN-224974-11.jpeg,398,230,411,244,Softdrusen
4040,DRUSEN/DRUSEN-224974-11.jpeg,263,251,273,261,Softdrusen
4041,DRUSEN/DRUSEN-224974-11.jpeg,272,253,282,263,Softdrusen
4042,DRUSEN/DRUSEN-224974-11.jpeg,290,250,300,260,Softdrusen
4043,DRUSEN/DRUSEN-224974-11.jpeg,116,237,129,249,Softdrusen
4044,DRUSEN/DRUSEN-224974-11.jpeg,131,237,141,251,Softdrusen
4045,DRUSEN/DRUSEN-224974-13.jpeg,171,224,177,237,Softdrusen
4046,DRUSEN/DRUSEN-224974-13.jpeg,177,225,182,238,Softdrusen
4047,DRUSEN/DRUSEN-224974-13.jpeg,182,224,188,242,Softdrusen
4048,DRUSEN/DRUSEN-224974-13.jpeg,189,224,197,243,Softdrusen
4049,DRUSEN/DRUSEN-224974-13.jpeg,199,229,216,244,SoftdrusenPED
4050,DRUSEN/DRUSEN-224974-13.jpeg,230,227,245,247,Softdrusen
4051,DRUSEN/DRUSEN-224974-13.jpeg,217,232,228,248,SoftdrusenPED
4052,DRUSEN/DRUSEN-224974-13.jpeg,247,230,257,246,Softdrusen
4053,DRUSEN/DRUSEN-224974-13.jpeg,257,229,261,245,Softdrusen
4054,DRUSEN/DRUSEN-224974-13.jpeg,330,210,341,226,Softdrusen
4055,DRUSEN/DRUSEN-224974-13.jpeg,342,206,349,221,Softdrusen
4056,DRUSEN/DRUSEN-224974-13.jpeg,351,210,356,220,Softdrusen
4057,DRUSEN/DRUSEN-224974-14.jpeg,221,203,231,220,Softdrusen
4058,DRUSEN/DRUSEN-224974-14.jpeg,232,202,248,221,SoftdrusenPED
4059,DRUSEN/DRUSEN-224974-14.jpeg,248,202,260,224,SoftdrusenPED
4060,DRUSEN/DRUSEN-224974-14.jpeg,298,190,315,213,SoftdrusenPED
4061,DRUSEN/DRUSEN-224974-14.jpeg,289,193,298,216,SoftdrusenPED
4062,DRUSEN/DRUSEN-224974-14.jpeg,266,200,278,221,Softdrusen
4063,DRUSEN/DRUSEN-224974-14.jpeg,261,203,265,221,Softdrusen
4064,DRUSEN/DRUSEN-224974-14.jpeg,334,186,343,204,Softdrusen
4065,DRUSEN/DRUSEN-224974-14.jpeg,325,195,330,206,Softdrusen
4066,DRUSEN/DRUSEN-224974-14.jpeg,350,183,360,200,Softdrusen
4067,DRUSEN/DRUSEN-224974-14.jpeg,385,171,388,182,Reticulardrusen
4068,DRUSEN/DRUSEN-224974-14.jpeg,397,165,400,175,Reticulardrusen
4069,DRUSEN/DRUSEN-224974-14.jpeg,141,185,144,195,Reticulardrusen
4070,DRUSEN/DRUSEN-224974-14.jpeg,141,185,144,195,Reticulardrusen
4071,DRUSEN/DRUSEN-224974-14.jpeg,397,165,400,175,Reticulardrusen
4072,DRUSEN/DRUSEN-224974-14.jpeg,222,202,231,220,Softdrusen
4073,DRUSEN/DRUSEN-224974-14.jpeg,232,200,247,223,SoftdrusenPED
4074,DRUSEN/DRUSEN-224974-14.jpeg,248,203,257,225,SoftdrusenPED
4075,DRUSEN/DRUSEN-224974-14.jpeg,259,201,266,219,Softdrusen
4076,DRUSEN/DRUSEN-224974-14.jpeg,266,200,279,218,Softdrusen
4077,DRUSEN/DRUSEN-224974-14.jpeg,287,195,298,216,SoftdrusenPED
4078,DRUSEN/DRUSEN-224974-14.jpeg,298,189,318,217,SoftdrusenPED
4079,DRUSEN/DRUSEN-224974-14.jpeg,322,194,331,209,Softdrusen
4080,DRUSEN/DRUSEN-224974-14.jpeg,332,186,344,205,Softdrusen
4081,DRUSEN/DRUSEN-224974-14.jpeg,350,183,358,200,Softdrusen
4082,DRUSEN/DRUSEN-224974-14.jpeg,385,169,388,180,Reticulardrusen
4083,DRUSEN/DRUSEN-224974-18.jpeg,152,237,169,255,Softdrusen
4084,DRUSEN/DRUSEN-224974-18.jpeg,168,242,181,256,Softdrusen
4085,DRUSEN/DRUSEN-224974-18.jpeg,181,244,192,258,Softdrusen
4086,DRUSEN/DRUSEN-224974-18.jpeg,191,246,201,259,Softdrusen
4087,DRUSEN/DRUSEN-224974-18.jpeg,203,247,213,260,Softdrusen
4088,DRUSEN/DRUSEN-224974-18.jpeg,233,249,254,263,Softdrusen
4089,DRUSEN/DRUSEN-224974-18.jpeg,255,247,269,262,Softdrusen
4090,DRUSEN/DRUSEN-224974-18.jpeg,269,248,280,262,Softdrusen
4091,DRUSEN/DRUSEN-224974-18.jpeg,283,249,297,259,Softdrusen
4092,DRUSEN/DRUSEN-224974-18.jpeg,381,233,396,249,Softdrusen
4093,DRUSEN/DRUSEN-224974-18.jpeg,395,230,409,245,Softdrusen
4094,DRUSEN/DRUSEN-224974-18.jpeg,430,227,440,237,Softdrusen
4095,DRUSEN/DRUSEN-224974-18.jpeg,106,235,116,246,Softdrusen
4096,DRUSEN/DRUSEN-224974-18.jpeg,131,239,141,250,Softdrusen
4097,DRUSEN/DRUSEN-224974-18.jpeg,130,242,140,252,Softdrusen
4098,DRUSEN/DRUSEN-224974-18.jpeg,153,241,167,255,Softdrusen
4099,DRUSEN/DRUSEN-224974-18.jpeg,168,243,182,257,Softdrusen
4100,DRUSEN/DRUSEN-224974-18.jpeg,182,245,195,258,Softdrusen
4101,DRUSEN/DRUSEN-224974-18.jpeg,193,246,203,259,Softdrusen
4102,DRUSEN/DRUSEN-224974-18.jpeg,201,247,213,260,Softdrusen
4103,DRUSEN/DRUSEN-224974-18.jpeg,233,249,253,262,Softdrusen
4104,DRUSEN/DRUSEN-224974-18.jpeg,254,247,269,262,Softdrusen
4105,DRUSEN/DRUSEN-224974-18.jpeg,267,249,278,262,Softdrusen
4106,DRUSEN/DRUSEN-224974-18.jpeg,282,248,298,259,Softdrusen
4107,DRUSEN/DRUSEN-224974-18.jpeg,379,233,395,250,Softdrusen
4108,DRUSEN/DRUSEN-224974-18.jpeg,394,230,410,246,Softdrusen
4109,DRUSEN/DRUSEN-224974-18.jpeg,430,227,440,237,Softdrusen
4110,DRUSEN/DRUSEN-224974-20.jpeg,121,235,131,252,Softdrusen
4111,DRUSEN/DRUSEN-224974-20.jpeg,111,235,121,250,Softdrusen
4112,DRUSEN/DRUSEN-224974-20.jpeg,129,235,143,254,Softdrusen
4113,DRUSEN/DRUSEN-224974-20.jpeg,153,241,166,259,SoftdrusenPED
4114,DRUSEN/DRUSEN-224974-20.jpeg,162,238,172,257,SoftdrusenPED
4115,DRUSEN/DRUSEN-224974-20.jpeg,171,238,184,259,SoftdrusenPED
4116,DRUSEN/DRUSEN-224974-20.jpeg,185,238,202,260,SoftdrusenPED
4117,DRUSEN/DRUSEN-224974-20.jpeg,201,243,221,263,SoftdrusenPED
4118,DRUSEN/DRUSEN-224974-20.jpeg,231,250,241,263,Softdrusen
4119,DRUSEN/DRUSEN-224974-20.jpeg,240,250,253,263,Softdrusen
4120,DRUSEN/DRUSEN-224974-20.jpeg,264,250,280,263,Softdrusen
4121,DRUSEN/DRUSEN-224974-20.jpeg,381,234,391,249,Softdrusen
4122,DRUSEN/DRUSEN-224974-20.jpeg,388,234,404,247,Softdrusen
4123,DRUSEN/DRUSEN-224974-20.jpeg,404,233,417,245,Softdrusen
4124,DRUSEN/DRUSEN-224974-20.jpeg,425,226,438,238,Softdrusen
4125,DRUSEN/DRUSEN-224974-20.jpeg,285,251,298,262,Softdrusen
4126,DRUSEN/DRUSEN-224974-22.jpeg,337,254,364,271,SoftdrusenPED
4127,DRUSEN/DRUSEN-224974-22.jpeg,174,241,196,258,SoftdrusenPED
4128,DRUSEN/DRUSEN-224974-22.jpeg,240,260,253,273,Softdrusen
4129,DRUSEN/DRUSEN-224974-23.jpeg,159,234,173,251,Softdrusen
4130,DRUSEN/DRUSEN-224974-23.jpeg,185,241,193,260,Softdrusen
4131,DRUSEN/DRUSEN-224974-23.jpeg,191,245,201,265,Softdrusen
4132,DRUSEN/DRUSEN-224974-23.jpeg,203,250,211,267,Softdrusen
4133,DRUSEN/DRUSEN-224974-23.jpeg,212,252,221,271,Softdrusen
4134,DRUSEN/DRUSEN-224974-23.jpeg,222,259,229,275,Softdrusen
4135,DRUSEN/DRUSEN-224974-23.jpeg,233,259,250,273,Softdrusen
4136,DRUSEN/DRUSEN-224974-23.jpeg,251,258,264,275,Softdrusen
4137,DRUSEN/DRUSEN-224974-23.jpeg,347,255,353,267,Softdrusen
4138,DRUSEN/DRUSEN-224974-23.jpeg,359,254,369,266,Softdrusen
4139,DRUSEN/DRUSEN-224974-24.jpeg,145,231,157,247,Softdrusen
4140,DRUSEN/DRUSEN-224974-24.jpeg,161,233,175,256,Softdrusen
4141,DRUSEN/DRUSEN-224974-24.jpeg,175,245,186,260,Softdrusen
4142,DRUSEN/DRUSEN-224974-24.jpeg,187,245,199,262,Softdrusen
4143,DRUSEN/DRUSEN-224974-24.jpeg,199,246,227,274,SoftdrusenPED
4144,DRUSEN/DRUSEN-224974-24.jpeg,231,258,251,274,SoftdrusenPED
4145,DRUSEN/DRUSEN-224974-24.jpeg,255,262,262,275,Softdrusen
4146,DRUSEN/DRUSEN-224974-24.jpeg,261,263,269,276,Softdrusen
4147,DRUSEN/DRUSEN-224974-24.jpeg,333,255,340,273,Softdrusen
4148,DRUSEN/DRUSEN-224974-24.jpeg,341,255,353,270,Softdrusen
4149,DRUSEN/DRUSEN-224974-24.jpeg,361,255,371,265,Softdrusen
4150,DRUSEN/DRUSEN-224974-25.jpeg,178,225,186,237,Softdrusen
4151,DRUSEN/DRUSEN-224974-25.jpeg,188,227,197,239,Softdrusen
4152,DRUSEN/DRUSEN-224974-25.jpeg,200,228,205,241,Softdrusen
4153,DRUSEN/DRUSEN-224974-25.jpeg,206,228,210,241,Softdrusen
4154,DRUSEN/DRUSEN-224974-25.jpeg,233,227,244,244,SoftdrusenPED
4155,DRUSEN/DRUSEN-224974-25.jpeg,250,228,262,242,SoftdrusenPED
4156,DRUSEN/DRUSEN-224974-25.jpeg,246,233,249,244,Softdrusen
4157,DRUSEN/DRUSEN-224974-25.jpeg,267,228,275,241,Softdrusen
4158,DRUSEN/DRUSEN-224974-25.jpeg,331,209,340,229,Softdrusen
4159,DRUSEN/DRUSEN-224974-25.jpeg,341,205,351,221,Softdrusen
4160,DRUSEN/DRUSEN-224974-25.jpeg,363,201,369,214,Softdrusen
4161,DRUSEN/DRUSEN-224974-25.jpeg,211,231,217,244,Softdrusen
4162,DRUSEN/DRUSEN-224974-26.jpeg,294,188,308,216,SoftdrusenPED
4163,DRUSEN/DRUSEN-224974-26.jpeg,309,193,316,215,SoftdrusenPED
4164,DRUSEN/DRUSEN-224974-26.jpeg,318,194,323,211,Softdrusen
4165,DRUSEN/DRUSEN-224974-26.jpeg,324,194,330,211,Softdrusen
4166,DRUSEN/DRUSEN-224974-26.jpeg,330,182,345,209,SoftdrusenPED
4167,DRUSEN/DRUSEN-224974-26.jpeg,217,202,224,215,Softdrusen
4168,DRUSEN/DRUSEN-224974-26.jpeg,226,202,234,220,Softdrusen
4169,DRUSEN/DRUSEN-224974-26.jpeg,234,204,240,220,Softdrusen
4170,DRUSEN/DRUSEN-224974-26.jpeg,240,204,248,220,Softdrusen
4171,DRUSEN/DRUSEN-224974-26.jpeg,134,183,143,200,Softdrusen
4172,DRUSEN/DRUSEN-224974-26.jpeg,280,199,291,217,Softdrusen
4173,DRUSEN/DRUSEN-224974-26.jpeg,271,203,275,218,Softdrusen
4174,DRUSEN/DRUSEN-224974-26.jpeg,248,202,256,220,Softdrusen
4175,DRUSEN/DRUSEN-224974-26.jpeg,110,171,116,184,Softdrusen
4176,DRUSEN/DRUSEN-224974-26.jpeg,346,188,354,202,Softdrusen
4177,DRUSEN/DRUSEN-224974-26.jpeg,110,168,115,184,Softdrusen
4178,DRUSEN/DRUSEN-224974-26.jpeg,136,183,141,196,Softdrusen
4179,DRUSEN/DRUSEN-224974-26.jpeg,216,203,224,220,Softdrusen
4180,DRUSEN/DRUSEN-224974-26.jpeg,224,204,233,220,Softdrusen
4181,DRUSEN/DRUSEN-224974-26.jpeg,234,204,239,219,Softdrusen
4182,DRUSEN/DRUSEN-224974-26.jpeg,239,203,246,220,Softdrusen
4183,DRUSEN/DRUSEN-224974-26.jpeg,247,203,257,218,Softdrusen
4184,DRUSEN/DRUSEN-224974-26.jpeg,281,199,290,217,Softdrusen
4185,DRUSEN/DRUSEN-224974-26.jpeg,293,190,309,218,SoftdrusenPED
4186,DRUSEN/DRUSEN-224974-26.jpeg,309,195,317,213,SoftdrusenPED
4187,DRUSEN/DRUSEN-224974-26.jpeg,318,195,324,210,Softdrusen
4188,DRUSEN/DRUSEN-224974-26.jpeg,323,195,328,210,Softdrusen
4189,DRUSEN/DRUSEN-224974-26.jpeg,329,182,345,207,SoftdrusenPED
4190,DRUSEN/DRUSEN-224974-26.jpeg,346,188,350,202,Softdrusen
4191,DRUSEN/DRUSEN-224974-28.jpeg,154,238,167,253,Softdrusen
4192,DRUSEN/DRUSEN-224974-28.jpeg,169,243,179,256,Softdrusen
4193,DRUSEN/DRUSEN-224974-28.jpeg,184,246,195,258,Softdrusen
4194,DRUSEN/DRUSEN-224974-28.jpeg,268,243,278,262,Softdrusen
4195,DRUSEN/DRUSEN-224974-28.jpeg,259,242,269,263,Softdrusen
4196,DRUSEN/DRUSEN-224974-28.jpeg,382,234,395,249,Softdrusen
4197,DRUSEN/DRUSEN-224974-28.jpeg,397,231,414,246,Softdrusen
4198,DRUSEN/DRUSEN-224974-28.jpeg,424,227,439,238,Softdrusen
4199,DRUSEN/DRUSEN-224974-28.jpeg,278,248,288,261,Softdrusen
4200,DRUSEN/DRUSEN-224974-28.jpeg,135,238,145,249,Softdrusen
4201,DRUSEN/DRUSEN-224974-28.jpeg,137,241,147,251,Softdrusen
4202,DRUSEN/DRUSEN-224974-28.jpeg,153,239,170,254,Softdrusen
4203,DRUSEN/DRUSEN-224974-28.jpeg,182,245,195,258,Softdrusen
4204,DRUSEN/DRUSEN-224974-28.jpeg,170,242,180,259,Softdrusen
4205,DRUSEN/DRUSEN-224974-28.jpeg,259,243,269,262,Softdrusen
4206,DRUSEN/DRUSEN-224974-28.jpeg,268,245,278,262,Softdrusen
4207,DRUSEN/DRUSEN-224974-28.jpeg,380,237,391,249,Softdrusen
4208,DRUSEN/DRUSEN-224974-28.jpeg,395,231,413,247,Softdrusen
4209,DRUSEN/DRUSEN-224974-28.jpeg,425,227,442,241,Softdrusen
4210,DRUSEN/DRUSEN-224974-28.jpeg,278,249,288,260,Softdrusen
4211,DRUSEN/DRUSEN-224974-30.jpeg,115,235,129,252,Softdrusen
4212,DRUSEN/DRUSEN-224974-30.jpeg,130,237,147,254,Softdrusen
4213,DRUSEN/DRUSEN-224974-30.jpeg,164,241,175,257,Softdrusen
4214,DRUSEN/DRUSEN-224974-30.jpeg,152,242,164,255,Softdrusen
4215,DRUSEN/DRUSEN-224974-30.jpeg,173,237,187,259,Softdrusen
4216,DRUSEN/DRUSEN-224974-30.jpeg,189,241,201,260,Softdrusen
4217,DRUSEN/DRUSEN-224974-30.jpeg,200,242,217,260,Softdrusen
4218,DRUSEN/DRUSEN-224974-30.jpeg,238,246,252,263,Softdrusen
4219,DRUSEN/DRUSEN-224974-30.jpeg,374,233,404,251,Softdrusen
4220,DRUSEN/DRUSEN-224974-30.jpeg,344,245,354,255,Softdrusen
4221,DRUSEN/DRUSEN-224974-30.jpeg,422,226,439,239,Softdrusen
4222,DRUSEN/DRUSEN-224974-30.jpeg,263,251,274,262,Softdrusen
4223,DRUSEN/DRUSEN-224974-30.jpeg,115,234,128,251,Softdrusen
4224,DRUSEN/DRUSEN-224974-30.jpeg,129,235,145,255,Softdrusen
4225,DRUSEN/DRUSEN-224974-30.jpeg,154,241,164,259,Softdrusen
4226,DRUSEN/DRUSEN-224974-30.jpeg,164,238,174,260,Softdrusen
4227,DRUSEN/DRUSEN-224974-30.jpeg,173,237,185,260,Softdrusen
4228,DRUSEN/DRUSEN-224974-30.jpeg,187,241,203,261,Softdrusen
4229,DRUSEN/DRUSEN-224974-30.jpeg,201,242,214,263,Softdrusen
4230,DRUSEN/DRUSEN-224974-30.jpeg,235,246,253,262,Softdrusen
4231,DRUSEN/DRUSEN-224974-30.jpeg,378,234,401,251,Softdrusen
4232,DRUSEN/DRUSEN-224974-30.jpeg,421,225,442,242,Softdrusen
4233,DRUSEN/DRUSEN-224974-30.jpeg,263,249,274,262,Softdrusen
4234,DRUSEN/DRUSEN-224974-32.jpeg,104,234,114,249,Softdrusen
4235,DRUSEN/DRUSEN-224974-32.jpeg,124,235,140,253,Softdrusen
4236,DRUSEN/DRUSEN-224974-32.jpeg,143,241,153,252,Softdrusen
4237,DRUSEN/DRUSEN-224974-32.jpeg,160,242,170,257,Softdrusen
4238,DRUSEN/DRUSEN-224974-32.jpeg,183,235,213,259,Softdrusen
4239,DRUSEN/DRUSEN-224974-32.jpeg,215,245,234,262,Softdrusen
4240,DRUSEN/DRUSEN-224974-32.jpeg,258,246,278,262,Softdrusen
4241,DRUSEN/DRUSEN-224974-32.jpeg,283,251,294,261,Softdrusen
4242,DRUSEN/DRUSEN-224974-32.jpeg,386,234,396,247,Softdrusen
4243,DRUSEN/DRUSEN-224974-32.jpeg,396,232,406,247,Softdrusen
4244,DRUSEN/DRUSEN-224974-32.jpeg,405,231,415,245,Softdrusen
4245,DRUSEN/DRUSEN-224974-32.jpeg,158,357,168,367,Softdrusen
4246,DRUSEN/DRUSEN-224974-32.jpeg,102,233,112,248,Softdrusen
4247,DRUSEN/DRUSEN-224974-32.jpeg,125,235,142,253,Softdrusen
4248,DRUSEN/DRUSEN-224974-32.jpeg,142,241,152,254,Softdrusen
4249,DRUSEN/DRUSEN-224974-32.jpeg,157,243,171,256,Softdrusen
4250,DRUSEN/DRUSEN-224974-32.jpeg,184,235,213,260,Softdrusen
4251,DRUSEN/DRUSEN-224974-32.jpeg,214,247,229,261,Softdrusen
4252,DRUSEN/DRUSEN-224974-32.jpeg,258,246,279,263,Softdrusen
4253,DRUSEN/DRUSEN-224974-32.jpeg,387,233,397,249,Softdrusen
4254,DRUSEN/DRUSEN-224974-32.jpeg,396,233,406,248,Softdrusen
4255,DRUSEN/DRUSEN-224974-32.jpeg,404,232,414,246,Softdrusen
4256,DRUSEN/DRUSEN-224974-32.jpeg,274,349,284,359,Softdrusen
4257,DRUSEN/DRUSEN-224974-32.jpeg,283,252,296,262,Softdrusen
4258,DRUSEN/DRUSEN-224974-34.jpeg,96,234,119,249,Softdrusen
4259,DRUSEN/DRUSEN-224974-34.jpeg,127,238,143,250,Softdrusen
4260,DRUSEN/DRUSEN-224974-34.jpeg,146,241,172,258,Softdrusen
4261,DRUSEN/DRUSEN-224974-34.jpeg,181,245,194,258,Softdrusen
4262,DRUSEN/DRUSEN-224974-34.jpeg,235,251,254,262,Softdrusen
4263,DRUSEN/DRUSEN-224974-34.jpeg,258,245,269,261,Softdrusen
4264,DRUSEN/DRUSEN-224974-34.jpeg,270,247,281,262,Softdrusen
4265,DRUSEN/DRUSEN-224974-34.jpeg,282,249,298,262,Softdrusen
4266,DRUSEN/DRUSEN-224974-34.jpeg,382,232,394,251,Softdrusen
4267,DRUSEN/DRUSEN-224974-34.jpeg,395,230,411,248,Softdrusen
4268,DRUSEN/DRUSEN-224974-34.jpeg,425,228,435,241,Softdrusen
4269,DRUSEN/DRUSEN-224974-34.jpeg,432,228,442,241,Softdrusen
4270,DRUSEN/DRUSEN-224974-34.jpeg,433,226,443,237,Softdrusen
4271,DRUSEN/DRUSEN-224974-34.jpeg,425,230,435,242,Softdrusen
4272,DRUSEN/DRUSEN-224974-34.jpeg,396,230,411,246,Softdrusen
4273,DRUSEN/DRUSEN-224974-34.jpeg,382,233,395,251,Softdrusen
4274,DRUSEN/DRUSEN-224974-34.jpeg,269,246,280,261,Softdrusen
4275,DRUSEN/DRUSEN-224974-34.jpeg,257,244,269,262,Softdrusen
4276,DRUSEN/DRUSEN-224974-34.jpeg,282,249,298,260,Softdrusen
4277,DRUSEN/DRUSEN-224974-34.jpeg,183,245,194,258,Softdrusen
4278,DRUSEN/DRUSEN-224974-34.jpeg,149,239,171,256,Softdrusen
4279,DRUSEN/DRUSEN-224974-34.jpeg,127,242,143,252,Softdrusen
4280,DRUSEN/DRUSEN-224974-34.jpeg,99,234,116,246,Softdrusen
4281,DRUSEN/DRUSEN-224974-34.jpeg,234,251,252,262,Softdrusen
4282,DRUSEN/DRUSEN-224974-34.jpeg,295,327,305,338,Softdrusen
4283,DRUSEN/DRUSEN-224974-36.jpeg,117,237,127,251,Softdrusen
4284,DRUSEN/DRUSEN-224974-36.jpeg,125,235,146,254,Softdrusen
4285,DRUSEN/DRUSEN-224974-36.jpeg,147,243,159,256,Softdrusen
4286,DRUSEN/DRUSEN-224974-36.jpeg,160,238,172,257,Softdrusen
4287,DRUSEN/DRUSEN-224974-36.jpeg,172,237,186,259,Softdrusen
4288,DRUSEN/DRUSEN-224974-36.jpeg,185,241,199,261,Softdrusen
4289,DRUSEN/DRUSEN-224974-36.jpeg,200,245,216,259,Softdrusen
4290,DRUSEN/DRUSEN-224974-36.jpeg,231,247,253,263,Softdrusen
4291,DRUSEN/DRUSEN-224974-36.jpeg,259,249,275,263,Softdrusen
4292,DRUSEN/DRUSEN-224974-36.jpeg,377,230,400,252,Softdrusen
4293,DRUSEN/DRUSEN-224974-36.jpeg,420,225,440,244,Softdrusen
4294,DRUSEN/DRUSEN-224974-38.jpeg,123,233,142,253,Softdrusen
4295,DRUSEN/DRUSEN-224974-38.jpeg,159,241,173,256,Softdrusen
4296,DRUSEN/DRUSEN-224974-38.jpeg,184,234,214,260,Softdrusen
4297,DRUSEN/DRUSEN-224974-38.jpeg,213,246,229,260,Softdrusen
4298,DRUSEN/DRUSEN-224974-38.jpeg,231,251,244,261,Softdrusen
4299,DRUSEN/DRUSEN-224974-38.jpeg,258,246,282,264,Softdrusen
4300,DRUSEN/DRUSEN-224974-38.jpeg,389,235,399,250,Softdrusen
4301,DRUSEN/DRUSEN-224974-38.jpeg,370,241,380,251,Softdrusen
4302,DRUSEN/DRUSEN-224974-38.jpeg,400,234,410,245,Softdrusen
4303,DRUSEN/DRUSEN-224974-38.jpeg,407,231,417,244,Softdrusen
4304,DRUSEN/DRUSEN-224974-38.jpeg,284,250,294,261,Softdrusen
4305,DRUSEN/DRUSEN-224974-38.jpeg,156,330,166,341,Softdrusen
4306,DRUSEN/DRUSEN-224974-38.jpeg,456,220,466,230,Softdrusen
4307,DRUSEN/DRUSEN-224974-38.jpeg,144,243,154,254,Softdrusen
4308,DRUSEN/DRUSEN-224974-38.jpeg,122,233,143,254,Softdrusen
4309,DRUSEN/DRUSEN-224974-38.jpeg,144,242,154,256,Softdrusen
4310,DRUSEN/DRUSEN-224974-38.jpeg,157,242,173,256,Softdrusen
4311,DRUSEN/DRUSEN-224974-38.jpeg,182,234,212,261,Softdrusen
4312,DRUSEN/DRUSEN-224974-38.jpeg,214,246,230,262,Softdrusen
4313,DRUSEN/DRUSEN-224974-38.jpeg,230,253,244,263,Softdrusen
4314,DRUSEN/DRUSEN-224974-38.jpeg,253,246,282,263,Softdrusen
4315,DRUSEN/DRUSEN-224974-38.jpeg,369,242,382,252,Softdrusen
4316,DRUSEN/DRUSEN-224974-38.jpeg,389,236,399,248,Softdrusen
4317,DRUSEN/DRUSEN-224974-38.jpeg,398,234,408,245,Softdrusen
4318,DRUSEN/DRUSEN-224974-38.jpeg,406,233,416,244,Softdrusen
4319,DRUSEN/DRUSEN-224974-38.jpeg,456,220,466,230,Softdrusen
4320,DRUSEN/DRUSEN-224974-38.jpeg,284,250,294,261,Softdrusen
4321,DRUSEN/DRUSEN-228939-1.jpeg,201,227,208,239,Softdrusen
4322,DRUSEN/DRUSEN-228939-1.jpeg,225,226,233,241,Softdrusen
4323,DRUSEN/DRUSEN-228939-1.jpeg,241,223,250,242,Softdrusen
4324,DRUSEN/DRUSEN-228939-1.jpeg,252,226,260,242,Softdrusen
4325,DRUSEN/DRUSEN-228939-1.jpeg,261,224,269,242,Softdrusen
4326,DRUSEN/DRUSEN-228939-1.jpeg,269,226,275,242,Softdrusen
4327,DRUSEN/DRUSEN-228939-1.jpeg,278,226,287,241,Softdrusen
4328,DRUSEN/DRUSEN-228939-1.jpeg,291,218,309,241,Softdrusen
4329,DRUSEN/DRUSEN-228939-1.jpeg,317,228,323,241,Softdrusen
4330,DRUSEN/DRUSEN-228939-1.jpeg,312,228,319,241,Softdrusen
4331,DRUSEN/DRUSEN-228939-1.jpeg,323,225,330,239,Softdrusen
4332,DRUSEN/DRUSEN-228939-2.jpeg,165,199,171,210,Softdrusen
4333,DRUSEN/DRUSEN-228939-2.jpeg,183,203,191,215,Softdrusen
4334,DRUSEN/DRUSEN-228939-2.jpeg,200,206,207,220,Softdrusen
4335,DRUSEN/DRUSEN-228939-2.jpeg,209,204,221,222,Softdrusen
4336,DRUSEN/DRUSEN-228939-2.jpeg,233,206,243,225,Softdrusen
4337,DRUSEN/DRUSEN-228939-2.jpeg,243,207,260,227,Softdrusen
4338,DRUSEN/DRUSEN-228939-2.jpeg,263,219,269,229,Softdrusen
4339,DRUSEN/DRUSEN-228939-2.jpeg,275,215,281,226,Softdrusen
4340,DRUSEN/DRUSEN-228939-2.jpeg,283,210,298,228,Softdrusen
4341,DRUSEN/DRUSEN-228939-2.jpeg,299,210,312,229,Softdrusen
4342,DRUSEN/DRUSEN-228939-2.jpeg,312,216,319,231,Softdrusen
4343,DRUSEN/DRUSEN-228939-2.jpeg,337,218,344,230,Softdrusen
4344,DRUSEN/DRUSEN-228939-2.jpeg,319,219,330,230,Softdrusen
4345,DRUSEN/DRUSEN-228939-2.jpeg,353,222,359,232,Softdrusen
4346,DRUSEN/DRUSEN-228939-2.jpeg,164,199,171,210,Softdrusen
4347,DRUSEN/DRUSEN-228939-2.jpeg,183,203,191,216,Softdrusen
4348,DRUSEN/DRUSEN-228939-2.jpeg,201,205,207,222,Softdrusen
4349,DRUSEN/DRUSEN-228939-2.jpeg,208,204,223,224,Softdrusen
4350,DRUSEN/DRUSEN-228939-2.jpeg,233,206,243,226,Softdrusen
4351,DRUSEN/DRUSEN-228939-2.jpeg,244,207,261,228,Softdrusen
4352,DRUSEN/DRUSEN-228939-2.jpeg,263,218,270,228,Softdrusen
4353,DRUSEN/DRUSEN-228939-2.jpeg,276,216,283,229,Softdrusen
4354,DRUSEN/DRUSEN-228939-2.jpeg,282,210,298,228,Softdrusen
4355,DRUSEN/DRUSEN-228939-2.jpeg,299,211,317,228,Softdrusen
4356,DRUSEN/DRUSEN-228939-2.jpeg,319,218,331,230,Softdrusen
4357,DRUSEN/DRUSEN-228939-2.jpeg,337,218,343,230,Softdrusen
4358,DRUSEN/DRUSEN-228939-2.jpeg,355,222,361,232,Softdrusen
4359,DRUSEN/DRUSEN-228939-6.jpeg,216,191,232,213,Softdrusen
4360,DRUSEN/DRUSEN-228939-6.jpeg,241,197,254,213,Softdrusen
4361,DRUSEN/DRUSEN-228939-6.jpeg,259,194,281,214,Softdrusen
4362,DRUSEN/DRUSEN-228939-6.jpeg,289,200,301,214,Softdrusen
4363,DRUSEN/DRUSEN-228939-6.jpeg,307,199,322,213,Softdrusen
4364,DRUSEN/DRUSEN-228939-6.jpeg,348,195,379,215,Softdrusen
4365,DRUSEN/DRUSEN-228939-6.jpeg,401,202,417,214,Softdrusen
4366,DRUSEN/DRUSEN-228939-6.jpeg,216,192,234,212,Softdrusen
4367,DRUSEN/DRUSEN-228939-6.jpeg,241,196,255,212,Softdrusen
4368,DRUSEN/DRUSEN-228939-6.jpeg,261,193,281,214,Softdrusen
4369,DRUSEN/DRUSEN-228939-6.jpeg,290,200,301,214,Softdrusen
4370,DRUSEN/DRUSEN-228939-6.jpeg,306,201,323,214,Softdrusen
4371,DRUSEN/DRUSEN-228939-6.jpeg,346,194,380,214,Softdrusen
4372,DRUSEN/DRUSEN-228939-6.jpeg,398,202,416,214,Softdrusen
4373,DRUSEN/DRUSEN-228939-8.jpeg,188,193,199,207,Softdrusen
4374,DRUSEN/DRUSEN-228939-8.jpeg,213,197,224,211,Softdrusen
4375,DRUSEN/DRUSEN-228939-8.jpeg,261,199,285,214,Softdrusen
4376,DRUSEN/DRUSEN-228939-8.jpeg,293,191,314,216,Softdrusen
4377,DRUSEN/DRUSEN-228939-8.jpeg,338,202,348,213,Softdrusen
4378,DRUSEN/DRUSEN-228939-8.jpeg,351,197,372,215,Softdrusen
4379,DRUSEN/DRUSEN-228939-10.jpeg,214,223,221,238,Softdrusen
4380,DRUSEN/DRUSEN-228939-10.jpeg,221,219,228,241,Softdrusen
4381,DRUSEN/DRUSEN-228939-10.jpeg,228,221,236,243,Softdrusen
4382,DRUSEN/DRUSEN-228939-10.jpeg,253,226,261,243,Softdrusen
4383,DRUSEN/DRUSEN-228939-10.jpeg,262,222,277,246,Softdrusen
4384,DRUSEN/DRUSEN-228939-10.jpeg,277,231,287,248,Softdrusen
4385,DRUSEN/DRUSEN-228939-10.jpeg,289,233,297,248,Softdrusen
4386,DRUSEN/DRUSEN-228939-10.jpeg,301,224,321,248,Softdrusen
4387,DRUSEN/DRUSEN-228939-10.jpeg,336,241,342,252,Softdrusen
4388,DRUSEN/DRUSEN-228939-11.jpeg,185,192,193,204,Softdrusen
4389,DRUSEN/DRUSEN-228939-11.jpeg,198,194,205,206,Softdrusen
4390,DRUSEN/DRUSEN-228939-11.jpeg,203,194,210,206,Softdrusen
4391,DRUSEN/DRUSEN-228939-11.jpeg,208,195,215,206,Softdrusen
4392,DRUSEN/DRUSEN-228939-11.jpeg,212,192,223,210,Softdrusen
4393,DRUSEN/DRUSEN-228939-11.jpeg,233,189,247,205,Softdrusen
4394,DRUSEN/DRUSEN-228939-11.jpeg,249,187,257,204,Softdrusen
4395,DRUSEN/DRUSEN-228939-11.jpeg,257,188,263,203,Softdrusen
4396,DRUSEN/DRUSEN-228939-11.jpeg,263,185,275,202,Softdrusen
4397,DRUSEN/DRUSEN-228939-11.jpeg,277,183,289,201,Softdrusen
4398,DRUSEN/DRUSEN-228939-11.jpeg,294,185,301,199,Softdrusen
4399,DRUSEN/DRUSEN-228939-11.jpeg,300,179,320,198,Softdrusen
4400,DRUSEN/DRUSEN-228939-11.jpeg,321,183,328,197,Softdrusen
4401,DRUSEN/DRUSEN-228939-11.jpeg,329,184,335,195,Softdrusen
4402,DRUSEN/DRUSEN-228939-11.jpeg,335,182,344,196,Softdrusen
4403,DRUSEN/DRUSEN-228939-13.jpeg,192,183,202,197,Softdrusen
4404,DRUSEN/DRUSEN-228939-13.jpeg,202,181,212,198,Softdrusen
4405,DRUSEN/DRUSEN-228939-13.jpeg,212,181,222,200,Softdrusen
4406,DRUSEN/DRUSEN-228939-13.jpeg,250,185,261,201,Softdrusen
4407,DRUSEN/DRUSEN-228939-13.jpeg,263,174,283,200,Softdrusen
4408,DRUSEN/DRUSEN-228939-13.jpeg,286,185,302,201,Softdrusen
4409,DRUSEN/DRUSEN-228939-13.jpeg,303,189,316,201,Softdrusen
4410,DRUSEN/DRUSEN-228939-13.jpeg,320,177,350,203,Softdrusen
4411,DRUSEN/DRUSEN-228939-13.jpeg,352,190,362,200,Softdrusen
4412,DRUSEN/DRUSEN-228939-13.jpeg,190,185,201,197,Softdrusen
4413,DRUSEN/DRUSEN-228939-13.jpeg,202,182,212,199,Softdrusen
4414,DRUSEN/DRUSEN-228939-13.jpeg,212,182,222,199,Softdrusen
4415,DRUSEN/DRUSEN-228939-13.jpeg,251,183,261,199,Softdrusen
4416,DRUSEN/DRUSEN-228939-13.jpeg,262,178,282,200,Softdrusen
4417,DRUSEN/DRUSEN-228939-13.jpeg,288,186,301,201,Softdrusen
4418,DRUSEN/DRUSEN-228939-13.jpeg,304,191,316,201,Softdrusen
4419,DRUSEN/DRUSEN-228939-13.jpeg,319,178,349,202,Softdrusen
4420,DRUSEN/DRUSEN-228939-13.jpeg,352,190,363,200,Softdrusen
4421,DRUSEN/DRUSEN-228939-15.jpeg,225,184,235,198,Softdrusen
4422,DRUSEN/DRUSEN-228939-15.jpeg,176,184,186,197,Softdrusen
4423,DRUSEN/DRUSEN-228939-15.jpeg,234,182,244,198,Softdrusen
4424,DRUSEN/DRUSEN-228939-15.jpeg,251,188,262,201,Softdrusen
4425,DRUSEN/DRUSEN-228939-15.jpeg,263,190,273,201,Softdrusen
4426,DRUSEN/DRUSEN-228939-15.jpeg,276,181,294,202,Softdrusen
4427,DRUSEN/DRUSEN-228939-15.jpeg,302,190,312,202,Softdrusen
4428,DRUSEN/DRUSEN-228939-15.jpeg,315,191,325,201,Softdrusen
4429,DRUSEN/DRUSEN-228939-15.jpeg,323,191,334,202,Softdrusen
4430,DRUSEN/DRUSEN-228939-15.jpeg,332,188,345,203,Softdrusen
4431,DRUSEN/DRUSEN-228939-15.jpeg,362,185,386,203,Softdrusen
4432,DRUSEN/DRUSEN-228939-15.jpeg,385,190,395,202,Softdrusen
4433,DRUSEN/DRUSEN-228939-15.jpeg,409,191,423,203,Softdrusen
4434,DRUSEN/DRUSEN-228939-15.jpeg,409,191,423,202,Softdrusen
4435,DRUSEN/DRUSEN-228939-15.jpeg,176,185,186,196,Softdrusen
4436,DRUSEN/DRUSEN-228939-15.jpeg,227,181,237,199,Softdrusen
4437,DRUSEN/DRUSEN-228939-15.jpeg,234,182,244,199,Softdrusen
4438,DRUSEN/DRUSEN-228939-15.jpeg,250,187,262,198,Softdrusen
4439,DRUSEN/DRUSEN-228939-15.jpeg,263,189,273,200,Softdrusen
4440,DRUSEN/DRUSEN-228939-15.jpeg,277,180,293,200,Softdrusen
4441,DRUSEN/DRUSEN-228939-15.jpeg,295,191,305,201,Softdrusen
4442,DRUSEN/DRUSEN-228939-15.jpeg,304,191,314,201,Softdrusen
4443,DRUSEN/DRUSEN-228939-15.jpeg,314,190,324,201,Softdrusen
4444,DRUSEN/DRUSEN-228939-15.jpeg,323,189,334,201,Softdrusen
4445,DRUSEN/DRUSEN-228939-15.jpeg,334,189,344,202,Softdrusen
4446,DRUSEN/DRUSEN-228939-15.jpeg,361,183,385,201,Softdrusen
4447,DRUSEN/DRUSEN-228939-15.jpeg,386,191,396,201,Softdrusen
4448,DRUSEN/DRUSEN-228939-17.jpeg,186,185,196,198,Softdrusen
4449,DRUSEN/DRUSEN-228939-17.jpeg,200,184,211,198,Softdrusen
4450,DRUSEN/DRUSEN-228939-17.jpeg,214,186,224,199,Softdrusen
4451,DRUSEN/DRUSEN-228939-17.jpeg,221,185,231,200,Softdrusen
4452,DRUSEN/DRUSEN-228939-17.jpeg,228,184,238,200,Softdrusen
4453,DRUSEN/DRUSEN-228939-17.jpeg,240,186,250,200,Softdrusen
4454,DRUSEN/DRUSEN-228939-17.jpeg,256,183,271,202,Softdrusen
4455,DRUSEN/DRUSEN-228939-17.jpeg,274,180,294,200,Softdrusen
4456,DRUSEN/DRUSEN-228939-17.jpeg,312,187,322,199,Softdrusen
4457,DRUSEN/DRUSEN-228939-17.jpeg,332,188,342,199,Softdrusen
4458,DRUSEN/DRUSEN-228939-17.jpeg,360,183,379,201,Softdrusen
4459,DRUSEN/DRUSEN-228939-17.jpeg,378,186,388,202,Softdrusen
4460,DRUSEN/DRUSEN-228939-17.jpeg,421,192,431,202,Softdrusen
4461,DRUSEN/DRUSEN-228939-17.jpeg,186,184,196,197,Softdrusen
4462,DRUSEN/DRUSEN-228939-17.jpeg,201,184,211,197,Softdrusen
4463,DRUSEN/DRUSEN-228939-17.jpeg,214,185,224,197,Softdrusen
4464,DRUSEN/DRUSEN-228939-17.jpeg,221,185,231,198,Softdrusen
4465,DRUSEN/DRUSEN-228939-17.jpeg,227,185,237,198,Softdrusen
4466,DRUSEN/DRUSEN-228939-17.jpeg,241,186,251,199,Softdrusen
4467,DRUSEN/DRUSEN-228939-17.jpeg,255,183,271,200,Softdrusen
4468,DRUSEN/DRUSEN-228939-17.jpeg,273,181,294,200,Softdrusen
4469,DRUSEN/DRUSEN-228939-17.jpeg,313,188,323,199,Softdrusen
4470,DRUSEN/DRUSEN-228939-17.jpeg,321,189,331,199,Softdrusen
4471,DRUSEN/DRUSEN-228939-17.jpeg,330,188,340,199,Softdrusen
4472,DRUSEN/DRUSEN-228939-17.jpeg,359,181,375,202,Softdrusen
4473,DRUSEN/DRUSEN-228939-17.jpeg,376,187,386,202,Softdrusen
4474,DRUSEN/DRUSEN-228939-17.jpeg,422,192,432,202,Softdrusen
4475,DRUSEN/DRUSEN-228939-19.jpeg,180,262,190,275,Softdrusen
4476,DRUSEN/DRUSEN-228939-19.jpeg,199,263,212,276,Softdrusen
4477,DRUSEN/DRUSEN-228939-19.jpeg,217,263,231,278,Softdrusen
4478,DRUSEN/DRUSEN-228939-19.jpeg,239,261,252,278,Softdrusen
4479,DRUSEN/DRUSEN-228939-19.jpeg,267,265,288,282,Softdrusen
4480,DRUSEN/DRUSEN-228939-19.jpeg,293,266,309,281,Softdrusen
4481,DRUSEN/DRUSEN-228939-19.jpeg,314,261,339,282,Softdrusen
4482,DRUSEN/DRUSEN-228939-19.jpeg,340,274,350,284,Softdrusen
4483,DRUSEN/DRUSEN-228939-19.jpeg,361,268,374,283,Softdrusen
4484,DRUSEN/DRUSEN-228939-19.jpeg,474,281,484,291,Softdrusen
4485,DRUSEN/DRUSEN-228939-19.jpeg,182,263,192,274,Softdrusen
4486,DRUSEN/DRUSEN-228939-19.jpeg,197,263,212,274,Softdrusen
4487,DRUSEN/DRUSEN-228939-19.jpeg,215,264,229,277,Softdrusen
4488,DRUSEN/DRUSEN-228939-19.jpeg,239,262,252,278,Softdrusen
4489,DRUSEN/DRUSEN-228939-19.jpeg,268,264,288,281,Softdrusen
4490,DRUSEN/DRUSEN-228939-19.jpeg,294,266,309,282,Softdrusen
4491,DRUSEN/DRUSEN-228939-19.jpeg,314,262,338,283,Softdrusen
4492,DRUSEN/DRUSEN-228939-19.jpeg,339,273,349,283,Softdrusen
4493,DRUSEN/DRUSEN-228939-19.jpeg,360,269,375,283,Softdrusen
4494,DRUSEN/DRUSEN-228939-19.jpeg,475,281,485,291,Softdrusen
4495,DRUSEN/DRUSEN-228939-21.jpeg,151,258,161,269,Softdrusen
4496,DRUSEN/DRUSEN-228939-21.jpeg,188,260,198,275,Softdrusen
4497,DRUSEN/DRUSEN-228939-21.jpeg,218,257,235,279,Softdrusen
4498,DRUSEN/DRUSEN-228939-21.jpeg,236,265,246,280,Softdrusen
4499,DRUSEN/DRUSEN-228939-21.jpeg,246,263,257,280,Softdrusen
4500,DRUSEN/DRUSEN-228939-21.jpeg,261,261,284,281,Softdrusen
4501,DRUSEN/DRUSEN-228939-21.jpeg,293,268,304,283,Softdrusen
4502,DRUSEN/DRUSEN-228939-21.jpeg,316,267,329,283,Softdrusen
4503,DRUSEN/DRUSEN-228939-21.jpeg,347,264,380,284,Softdrusen
4504,DRUSEN/DRUSEN-228939-21.jpeg,402,274,419,287,Softdrusen
4505,DRUSEN/DRUSEN-228939-21.jpeg,309,273,319,283,Softdrusen
4506,DRUSEN/DRUSEN-228939-21.jpeg,187,263,197,274,Softdrusen
4507,DRUSEN/DRUSEN-228939-21.jpeg,151,258,161,268,Softdrusen
4508,DRUSEN/DRUSEN-228939-21.jpeg,218,257,234,278,Softdrusen
4509,DRUSEN/DRUSEN-228939-21.jpeg,236,267,246,279,Softdrusen
4510,DRUSEN/DRUSEN-228939-21.jpeg,246,266,257,281,Softdrusen
4511,DRUSEN/DRUSEN-228939-21.jpeg,262,261,284,282,Softdrusen
4512,DRUSEN/DRUSEN-228939-21.jpeg,293,267,305,281,Softdrusen
4513,DRUSEN/DRUSEN-228939-21.jpeg,307,273,317,283,Softdrusen
4514,DRUSEN/DRUSEN-228939-21.jpeg,316,268,327,283,Softdrusen
4515,DRUSEN/DRUSEN-228939-21.jpeg,350,264,378,284,Softdrusen
4516,DRUSEN/DRUSEN-228939-21.jpeg,401,275,420,287,Softdrusen
4517,DRUSEN/DRUSEN-228939-23.jpeg,188,259,198,275,Softdrusen
4518,DRUSEN/DRUSEN-228939-23.jpeg,213,263,226,278,Softdrusen
4519,DRUSEN/DRUSEN-228939-23.jpeg,244,265,255,280,Softdrusen
4520,DRUSEN/DRUSEN-228939-23.jpeg,264,263,284,284,Softdrusen
4521,DRUSEN/DRUSEN-228939-23.jpeg,294,265,313,284,Softdrusen
4522,DRUSEN/DRUSEN-228939-23.jpeg,320,271,330,282,Softdrusen
4523,DRUSEN/DRUSEN-228939-23.jpeg,354,265,366,284,Softdrusen
4524,DRUSEN/DRUSEN-228939-23.jpeg,367,275,377,285,Softdrusen
4525,DRUSEN/DRUSEN-228939-25.jpeg,172,226,177,237,Softdrusen
4526,DRUSEN/DRUSEN-228939-25.jpeg,176,227,181,237,Softdrusen
4527,DRUSEN/DRUSEN-228939-25.jpeg,182,221,188,234,Softdrusen
4528,DRUSEN/DRUSEN-228939-25.jpeg,189,221,194,233,Softdrusen
4529,DRUSEN/DRUSEN-228939-25.jpeg,198,215,204,231,Softdrusen
4530,DRUSEN/DRUSEN-228939-25.jpeg,205,212,214,227,Softdrusen
4531,DRUSEN/DRUSEN-228939-25.jpeg,226,212,234,224,Softdrusen
4532,DRUSEN/DRUSEN-228939-25.jpeg,237,203,243,218,Softdrusen
4533,DRUSEN/DRUSEN-228939-25.jpeg,245,195,256,216,Softdrusen
4534,DRUSEN/DRUSEN-228939-25.jpeg,257,190,266,212,Softdrusen
4535,DRUSEN/DRUSEN-228939-25.jpeg,270,186,281,206,Softdrusen
4536,DRUSEN/DRUSEN-228939-25.jpeg,285,185,292,198,Softdrusen
4537,DRUSEN/DRUSEN-228939-25.jpeg,293,177,299,194,Softdrusen
4538,DRUSEN/DRUSEN-228939-25.jpeg,299,175,302,193,Softdrusen
4539,DRUSEN/DRUSEN-228939-25.jpeg,302,174,307,191,Softdrusen
4540,DRUSEN/DRUSEN-228939-25.jpeg,313,172,320,187,Softdrusen
4541,DRUSEN/DRUSEN-228939-25.jpeg,323,169,327,181,Softdrusen
4542,DRUSEN/DRUSEN-228939-25.jpeg,329,164,336,179,Softdrusen
4543,DRUSEN/DRUSEN-228939-25.jpeg,219,212,224,224,Softdrusen
4544,DRUSEN/DRUSEN-228939-25.jpeg,166,231,169,242,Softdrusen
4545,DRUSEN/DRUSEN-228939-25.jpeg,308,177,311,189,Softdrusen
4546,DRUSEN/DRUSEN-228939-25.jpeg,194,217,197,231,Softdrusen
4547,DRUSEN/DRUSEN-228939-25.jpeg,166,230,169,241,Softdrusen
4548,DRUSEN/DRUSEN-228939-25.jpeg,171,226,177,237,Softdrusen
4549,DRUSEN/DRUSEN-228939-25.jpeg,176,227,180,238,Softdrusen
4550,DRUSEN/DRUSEN-228939-25.jpeg,181,222,189,235,Softdrusen
4551,DRUSEN/DRUSEN-228939-25.jpeg,190,221,193,232,Softdrusen
4552,DRUSEN/DRUSEN-228939-25.jpeg,194,218,198,232,Softdrusen
4553,DRUSEN/DRUSEN-228939-25.jpeg,198,217,205,231,Softdrusen
4554,DRUSEN/DRUSEN-228939-25.jpeg,205,212,217,229,Softdrusen
4555,DRUSEN/DRUSEN-228939-25.jpeg,220,212,224,226,Softdrusen
4556,DRUSEN/DRUSEN-228939-25.jpeg,226,209,233,224,Softdrusen
4557,DRUSEN/DRUSEN-228939-25.jpeg,235,204,243,219,Softdrusen
4558,DRUSEN/DRUSEN-228939-25.jpeg,244,194,256,216,Softdrusen
4559,DRUSEN/DRUSEN-228939-25.jpeg,257,193,266,212,Softdrusen
4560,DRUSEN/DRUSEN-228939-25.jpeg,270,186,281,206,Softdrusen
4561,DRUSEN/DRUSEN-228939-25.jpeg,285,185,291,197,Softdrusen
4562,DRUSEN/DRUSEN-228939-25.jpeg,293,178,298,195,Softdrusen
4563,DRUSEN/DRUSEN-228939-25.jpeg,299,177,302,195,Softdrusen
4564,DRUSEN/DRUSEN-228939-25.jpeg,302,175,306,194,Softdrusen
4565,DRUSEN/DRUSEN-228939-25.jpeg,307,178,311,192,Softdrusen
4566,DRUSEN/DRUSEN-228939-25.jpeg,312,172,321,185,Softdrusen
4567,DRUSEN/DRUSEN-228939-25.jpeg,322,171,327,182,Softdrusen
4568,DRUSEN/DRUSEN-228939-25.jpeg,329,165,337,179,Softdrusen
4569,DRUSEN/DRUSEN-228939-27.jpeg,355,172,363,186,Softdrusen
4570,DRUSEN/DRUSEN-228939-27.jpeg,326,165,333,183,Softdrusen
4571,DRUSEN/DRUSEN-228939-27.jpeg,303,170,307,183,Softdrusen
4572,DRUSEN/DRUSEN-228939-27.jpeg,279,169,287,183,Softdrusen
4573,DRUSEN/DRUSEN-228939-27.jpeg,262,164,273,184,Softdrusen
4574,DRUSEN/DRUSEN-228939-27.jpeg,245,168,253,184,Softdrusen
4575,DRUSEN/DRUSEN-228939-27.jpeg,227,165,242,182,Softdrusen
4576,DRUSEN/DRUSEN-228939-27.jpeg,195,166,200,178,Softdrusen
4577,DRUSEN/DRUSEN-228939-29.jpeg,229,166,237,180,Softdrusen
4578,DRUSEN/DRUSEN-228939-29.jpeg,246,169,250,182,Softdrusen
4579,DRUSEN/DRUSEN-228939-29.jpeg,239,169,242,180,Softdrusen
4580,DRUSEN/DRUSEN-228939-29.jpeg,265,166,272,183,Softdrusen
4581,DRUSEN/DRUSEN-228939-29.jpeg,302,170,310,183,Softdrusen
4582,DRUSEN/DRUSEN-228939-29.jpeg,326,169,333,186,Softdrusen
4583,DRUSEN/DRUSEN-228939-29.jpeg,281,169,286,182,Softdrusen
4584,DRUSEN/DRUSEN-228939-30.jpeg,202,217,209,228,Softdrusen
4585,DRUSEN/DRUSEN-228939-30.jpeg,223,205,233,223,Softdrusen
4586,DRUSEN/DRUSEN-228939-30.jpeg,236,201,247,219,Softdrusen
4587,DRUSEN/DRUSEN-228939-30.jpeg,266,185,282,205,Softdrusen
4588,DRUSEN/DRUSEN-228939-30.jpeg,287,175,301,195,Softdrusen
4589,DRUSEN/DRUSEN-228939-30.jpeg,326,167,332,179,Softdrusen
4590,DRUSEN/DRUSEN-228939-31.jpeg,242,261,252,278,Softdrusen
4591,DRUSEN/DRUSEN-228939-31.jpeg,193,261,203,271,Softdrusen
4592,DRUSEN/DRUSEN-228939-31.jpeg,134,258,144,268,Softdrusen
4593,DRUSEN/DRUSEN-228939-31.jpeg,256,262,273,279,Softdrusen
4594,DRUSEN/DRUSEN-228939-31.jpeg,274,266,284,279,Softdrusen
4595,DRUSEN/DRUSEN-228939-31.jpeg,284,268,294,280,Softdrusen
4596,DRUSEN/DRUSEN-228939-31.jpeg,297,267,307,279,Softdrusen
4597,DRUSEN/DRUSEN-228939-31.jpeg,312,265,330,282,Softdrusen
4598,DRUSEN/DRUSEN-228939-31.jpeg,331,270,341,281,Softdrusen
4599,DRUSEN/DRUSEN-228939-33.jpeg,221,259,235,278,Softdrusen
4600,DRUSEN/DRUSEN-228939-33.jpeg,241,266,251,278,Softdrusen
4601,DRUSEN/DRUSEN-228939-33.jpeg,260,263,284,280,Softdrusen
4602,DRUSEN/DRUSEN-228939-33.jpeg,293,267,303,281,Softdrusen
4603,DRUSEN/DRUSEN-228939-33.jpeg,307,267,320,282,Softdrusen
4604,DRUSEN/DRUSEN-228939-33.jpeg,321,273,332,283,Softdrusen
4605,DRUSEN/DRUSEN-228939-33.jpeg,347,267,376,286,Softdrusen
4606,DRUSEN/DRUSEN-228939-33.jpeg,403,277,414,287,Softdrusen
4607,DRUSEN/DRUSEN-228939-35.jpeg,352,265,367,286,Softdrusen
4608,DRUSEN/DRUSEN-228939-35.jpeg,317,271,328,282,Softdrusen
4609,DRUSEN/DRUSEN-228939-35.jpeg,295,267,314,281,Softdrusen
4610,DRUSEN/DRUSEN-228939-35.jpeg,266,264,285,279,Softdrusen
4611,DRUSEN/DRUSEN-228939-35.jpeg,246,265,256,278,Softdrusen
4612,DRUSEN/DRUSEN-228939-35.jpeg,214,263,225,277,Softdrusen
4613,DRUSEN/DRUSEN-228939-35.jpeg,190,261,200,275,Softdrusen
4614,DRUSEN/DRUSEN-228939-35.jpeg,190,261,200,274,Softdrusen
4615,DRUSEN/DRUSEN-228939-35.jpeg,212,263,225,276,Softdrusen
4616,DRUSEN/DRUSEN-228939-35.jpeg,245,265,255,279,Softdrusen
4617,DRUSEN/DRUSEN-228939-35.jpeg,264,265,285,282,Softdrusen
4618,DRUSEN/DRUSEN-228939-35.jpeg,293,267,312,284,Softdrusen
4619,DRUSEN/DRUSEN-228939-35.jpeg,319,271,329,282,Softdrusen
4620,DRUSEN/DRUSEN-228939-35.jpeg,352,265,368,284,Softdrusen
4621,DRUSEN/DRUSEN-228939-37.jpeg,209,270,217,283,Softdrusen
4622,DRUSEN/DRUSEN-228939-37.jpeg,246,253,261,278,Softdrusen
4623,DRUSEN/DRUSEN-228939-37.jpeg,292,261,299,271,Softdrusen
4624,DRUSEN/DRUSEN-228939-37.jpeg,304,254,315,270,Softdrusen
4625,DRUSEN/DRUSEN-228939-37.jpeg,316,239,336,268,Softdrusen
4626,DRUSEN/DRUSEN-228939-37.jpeg,343,249,351,260,Softdrusen
4627,DRUSEN/DRUSEN-228939-38.jpeg,226,247,236,261,Softdrusen
4628,DRUSEN/DRUSEN-228939-38.jpeg,245,247,250,259,Softdrusen
4629,DRUSEN/DRUSEN-228939-38.jpeg,263,246,272,260,Softdrusen
4630,DRUSEN/DRUSEN-228939-38.jpeg,273,249,276,261,Softdrusen
4631,DRUSEN/DRUSEN-228939-38.jpeg,281,250,286,260,Softdrusen
4632,DRUSEN/DRUSEN-228939-38.jpeg,287,249,291,260,Softdrusen
4633,DRUSEN/DRUSEN-228939-38.jpeg,297,248,310,260,Softdrusen
4634,DRUSEN/DRUSEN-228939-38.jpeg,324,249,335,260,Softdrusen
4635,DRUSEN/DRUSEN-228939-39.jpeg,172,273,175,283,Softdrusen
4636,DRUSEN/DRUSEN-228939-39.jpeg,180,273,185,283,Softdrusen
4637,DRUSEN/DRUSEN-228939-39.jpeg,190,275,195,285,Softdrusen
4638,DRUSEN/DRUSEN-228939-39.jpeg,204,276,214,288,Softdrusen
4639,DRUSEN/DRUSEN-228939-39.jpeg,236,279,242,289,Softdrusen
4640,DRUSEN/DRUSEN-228939-39.jpeg,245,275,255,290,Softdrusen
4641,DRUSEN/DRUSEN-228939-39.jpeg,257,278,265,290,Softdrusen
4642,DRUSEN/DRUSEN-228939-39.jpeg,274,277,283,291,Softdrusen
4643,DRUSEN/DRUSEN-228939-39.jpeg,286,279,290,291,Softdrusen
4644,DRUSEN/DRUSEN-9800172-27.jpeg,80,277,90,292,Softdrusen
4645,DRUSEN/DRUSEN-9800172-27.jpeg,189,298,212,320,Softdrusen
4646,DRUSEN/DRUSEN-9800172-27.jpeg,179,303,189,317,Softdrusen
4647,DRUSEN/DRUSEN-9800172-27.jpeg,214,300,245,323,Softdrusen
4648,DRUSEN/DRUSEN-9800172-27.jpeg,276,314,286,327,Softdrusen
4649,DRUSEN/DRUSEN-9800172-27.jpeg,305,307,332,327,Softdrusen
4650,DRUSEN/DRUSEN-9800172-27.jpeg,332,307,349,325,Softdrusen
4651,DRUSEN/DRUSEN-9800172-27.jpeg,352,306,374,322,Softdrusen
4652,DRUSEN/DRUSEN-9800172-27.jpeg,430,295,443,308,Softdrusen
4653,DRUSEN/DRUSEN-9800172-27.jpeg,420,299,430,310,Softdrusen
4654,DRUSEN/DRUSEN-9800172-27.jpeg,486,275,501,289,Softdrusen
4655,DRUSEN/DRUSEN-9800172-27.jpeg,467,283,477,293,Reticulardrusen
4656,DRUSEN/DRUSEN-9800172-27.jpeg,97,285,107,295,Reticulardrusen
4657,DRUSEN/DRUSEN-9837663-5.jpeg,165,231,189,251,Softdrusen
4658,DRUSEN/DRUSEN-9837663-5.jpeg,293,221,313,237,Softdrusen
4659,DRUSEN/DRUSEN-9837663-5.jpeg,331,222,342,232,Softdrusen
4660,DRUSEN/DRUSEN-9861332-8.jpeg,204,215,228,239,Softdrusen
4661,DRUSEN/DRUSEN-9861332-8.jpeg,231,325,241,335,Softdrusen
4662,DRUSEN/DRUSEN-9861332-8.jpeg,376,226,388,239,Softdrusen
4663,DRUSEN/DRUSEN-9884539-8.jpeg,179,209,209,242,SoftdrusenPED
4664,DRUSEN/DRUSEN-9884539-8.jpeg,223,232,235,247,Softdrusen
4665,DRUSEN/DRUSEN-9884539-8.jpeg,267,226,287,250,SoftdrusenPED
4666,DRUSEN/DRUSEN-9884539-8.jpeg,295,216,325,250,SoftdrusenPED
4667,DRUSEN/DRUSEN-9884539-8.jpeg,325,224,337,251,SoftdrusenPED
4670,DRUSEN/DRUSEN-9884539-8.jpeg,169,221,176,232,Softdrusen
4671,DRUSEN/DRUSEN-9884539-8.jpeg,367,236,375,248,Softdrusen
4674,DRUSEN/DRUSEN-9884539-23.jpeg,181,244,205,276,SoftdrusenPED
4675,DRUSEN/DRUSEN-9884539-23.jpeg,207,261,216,273,Softdrusen
4676,DRUSEN/DRUSEN-9884539-23.jpeg,267,253,285,276,Softdrusen
4677,DRUSEN/DRUSEN-9884539-23.jpeg,299,237,341,276,SoftdrusenPED
4678,DRUSEN/DRUSEN-9894035-3.jpeg,158,296,188,326,Softdrusen
4679,DRUSEN/DRUSEN-9894035-3.jpeg,188,307,212,329,Softdrusen
4680,DRUSEN/DRUSEN-9894035-3.jpeg,239,317,257,330,Softdrusen
4681,DRUSEN/DRUSEN-9894035-3.jpeg,276,313,291,331,Softdrusen
4682,DRUSEN/DRUSEN-9894035-3.jpeg,292,293,318,334,Softdrusen
4683,DRUSEN/DRUSEN-9894035-3.jpeg,319,295,340,334,Softdrusen
4684,DRUSEN/DRUSEN-9894035-3.jpeg,341,305,360,335,Softdrusen
4685,DRUSEN/DRUSEN-9894035-3.jpeg,363,310,397,334,Softdrusen
4686,DRUSEN/DRUSEN-9894035-36.jpeg,34,201,63,232,Softdrusen
4687,DRUSEN/DRUSEN-9894035-36.jpeg,141,215,177,246,Softdrusen
4688,DRUSEN/DRUSEN-9894035-36.jpeg,178,213,210,247,Softdrusen
4689,DRUSEN/DRUSEN-9894035-36.jpeg,215,214,241,247,Softdrusen
4690,DRUSEN/DRUSEN-9894035-36.jpeg,241,217,261,247,Softdrusen
4691,DRUSEN/DRUSEN-9894035-36.jpeg,262,219,276,249,Softdrusen
4692,DRUSEN/DRUSEN-9894035-36.jpeg,274,218,297,247,Softdrusen
4693,DRUSEN/DRUSEN-9894035-36.jpeg,299,213,333,245,Softdrusen
4694,DRUSEN/DRUSEN-9894035-36.jpeg,332,211,362,243,Softdrusen
4695,DRUSEN/DRUSEN-9894035-36.jpeg,364,215,388,239,Softdrusen
4696,DRUSEN/DRUSEN-9928043-3.jpeg,405,301,434,323,Softdrusen
4697,DRUSEN/DRUSEN-9928043-3.jpeg,116,290,131,303,Reticulardrusen
